nik_id,jenis_usaha,lama_bln,omzet,pengeluaran,aset,hutang,freq_trx,total_skor,limit_pinjaman
3578223005401501,Bisnis Kuliner,97,39913810,26799102,42456926,25014643,289,640,14200000.0
3578748913461122,Jasa & Freelancer,7,6999315,3958719,67454433,27270764,23,392,0.0
3578317158893990,Produk Digital,56,32587039,26540394,79676249,51593906,13,364,0.0
3578988022315787,Produk Kreatif,92,59722344,44085563,46736211,8050360,182,748,31400000.0
3578199223237613,Jasa & Freelancer,15,51181396,55953859,167061472,35352996,32,265,0.0
3578605645347792,Produk Digital,18,53806024,29870960,83699444,55536567,195,501,1100000.0
3578312933106111,Bisnis Kuliner,8,91753260,60513917,82681988,65168059,129,456,0.0
3578211095701426,Jasa & Freelancer,38,63855700,60342303,102933892,13394095,191,529,3700000.0
3578835339233454,Toko & E-commerce,92,94744214,90350429,168512359,85601351,283,408,0.0
3578369419548116,Produk Kreatif,62,53929647,37155557,176798626,97332871,122,571,7700000.0
3578459422681391,Bisnis Kuliner,32,7308421,7772740,112686853,24136701,118,401,0.0
3578446680801999,Produk Kreatif,86,70005685,54390380,177564235,65180543,145,591,9600000.0
3578371182647325,Produk Digital,71,38264581,39141210,120006828,86195901,214,360,0.0
3578342072931479,Produk Kreatif,68,69238574,39025394,17647705,12157192,88,546,5300000.0
3578274493552068,Jasa & Freelancer,79,11526544,8867798,164957580,131454218,280,552,5900000.0
3578112637644335,Bisnis Kuliner,90,75070937,76993838,177056873,48184324,160,473,0.0
3578273665994394,Jasa & Freelancer,3,99917555,111217937,75702958,58859843,101,143,0.0
3578429103158382,Produk Digital,80,29697396,18025948,48365489,20869864,281,644,14500000.0
3578103944899549,Produk Digital,44,68579548,35224768,102436907,72010841,167,545,5200000.0
3578161157982007,Produk Kreatif,115,79149359,92039989,27992422,16390293,45,263,0.0
3578937424066816,Produk Digital,101,19879290,11726277,132582641,100428559,94,530,3800000.0
3578680958994499,Produk Digital,57,31427073,36148659,190184933,30604721,169,498,0.0
3578815849444665,Toko & E-commerce,59,72467853,59136688,71546657,12861075,183,668,18000000.0
3578744335435865,Produk Digital,32,81979095,53626803,24057061,13622858,40,420,0.0
3578173997741524,Bisnis Kuliner,113,47349361,26023216,68888882,15347190,258,778,36500000.0
3578693625626938,Produk Kreatif,95,79644106,71946356,70229074,44082476,218,460,0.0
3578203897019487,Bisnis Kuliner,87,60854710,45519828,115354427,43098690,37,540,4800000.0
3578820151617123,Bisnis Kuliner,10,57038913,57595015,34331682,6829432,107,345,0.0
3578591929601508,Produk Kreatif,57,27627347,19200498,72056907,50410202,48,508,1800000.0
3578986666495028,Produk Digital,15,9789850,9364005,150112968,100398866,57,176,0.0
3578928612436713,Produk Kreatif,24,57547971,48337348,62377352,43147682,40,303,0.0
3578517318938760,Bisnis Kuliner,52,38594951,44328719,127140379,29013356,294,505,0.0
3578888821730785,Jasa & Freelancer,22,28487660,20160588,20698989,9590757,287,526,3400000.0
3578920600564299,Toko & E-commerce,10,9729990,8843825,139982870,102958759,281,320,0.0
3578160805710565,Produk Digital,13,27941004,15310690,23243105,12555229,130,440,0.0
3578230583221679,Produk Digital,34,80701200,73935486,171263958,11232642,299,582,8700000.0
3578445842718357,Toko & E-commerce,29,92889098,93013036,69071773,14677172,77,344,0.0
3578811554491388,Toko & E-commerce,61,45436584,52266286,24473144,182383,298,616,0.0
3578211652384077,Bisnis Kuliner,71,31609087,26997931,40556038,30279442,45,395,0.0
3578370064409283,Toko & E-commerce,39,24172421,19500598,150818960,84885728,280,478,0.0
3578830178040304,Produk Digital,41,92038526,52693027,41048496,8684743,64,604,10800000.0
3578708779044123,Produk Kreatif,37,40816686,37689347,197632554,54211446,145,457,0.0
3578639041627377,Toko & E-commerce,118,9818112,5543394,118702755,78756722,32,494,0.0
3578465087448782,Produk Kreatif,84,38159040,23395589,123604316,54552065,228,659,16500000.0
3578110999011248,Bisnis Kuliner,12,95747083,108457508,151455779,4365336,199,504,0.0
3578708092248272,Produk Kreatif,58,20105448,10641416,102885394,73993652,30,497,0.0
3578494702875840,Produk Kreatif,90,36491314,35281751,99939884,62371781,218,407,0.0
3578782787430916,Produk Kreatif,33,24810617,29359500,52527133,37038613,22,179,0.0
3578908224199827,Toko & E-commerce,103,58259205,61845909,71616886,15286235,65,412,0.0
3578342539766821,Produk Kreatif,107,64780854,48246247,66094699,11787252,108,684,20700000.0
3578462488651216,Toko & E-commerce,113,12317495,14495504,79927045,22452858,270,479,0.0
3578844745947806,Produk Digital,45,6704481,3893555,75119420,10731129,145,709,24900000.0
3578216128430402,Produk Digital,58,49397338,49890400,89202113,31141805,271,430,0.0
3578521403489881,Produk Digital,27,37188276,19749599,122053299,165141,285,776,36100000.0
3578893224011429,Produk Kreatif,49,60887757,33426262,183304945,135025481,170,580,8500000.0
3578890809244118,Toko & E-commerce,67,44511484,43034817,92559056,29796640,161,457,0.0
3578239820136955,Produk Kreatif,56,92245317,106843560,186816150,111810895,99,294,0.0
3578725413874351,Toko & E-commerce,54,76542887,82942455,86570811,19870683,230,490,0.0
3578739029968283,Produk Digital,86,46251559,38180280,123691366,66855404,271,505,1500000.0
3578973910680258,Produk Kreatif,87,14381064,10047337,183201907,92764777,181,615,11800000.0
3578998049259818,Produk Kreatif,89,44663795,29355211,58453534,6890688,33,695,22600000.0
3578772055593219,Bisnis Kuliner,61,58625330,65677713,159530480,24814677,206,562,0.0
3578540209997973,Produk Kreatif,21,91054615,89355143,33611809,20931294,122,239,0.0
3578981223723215,Produk Digital,62,9740197,8670568,37576951,13721955,247,518,2700000.0
3578682687809473,Produk Digital,79,45587010,53110131,123802399,60678262,268,364,0.0
3578705190332857,Jasa & Freelancer,117,24361812,24862662,132419448,47678391,136,381,0.0
3578803686852877,Toko & E-commerce,101,72967676,61235781,69222073,15206564,49,530,3800000.0
3578416597264475,Produk Kreatif,37,48076693,34797752,149996008,9669062,87,685,20900000.0
3578521900055512,Produk Kreatif,93,31716269,17284104,114414123,30286003,248,747,31300000.0
3578166210246191,Produk Kreatif,109,59390708,45887267,161787623,122448902,20,434,0.0
3578734648396163,Jasa & Freelancer,64,3791358,4397669,85158223,51331682,224,360,0.0
3578922650393259,Produk Digital,105,83967191,94754283,136058103,23883273,233,522,0.0
3578132150587583,Jasa & Freelancer,46,92774697,90492376,113532929,65774746,249,345,0.0
3578241388354666,Produk Digital,71,6619375,7511999,163885007,73996307,23,251,0.0
3578804735188129,Jasa & Freelancer,20,64968116,40748673,74835178,22696244,118,546,5300000.0
3578458435204313,Toko & E-commerce,100,53885459,37438519,118162947,23847318,51,657,16200000.0
3578119199821669,Produk Digital,9,49970882,32828647,23419603,14636934,30,355,0.0
3578133304178029,Produk Kreatif,28,5735359,5362188,69033920,6970823,68,454,0.0
3578612037258811,Toko & E-commerce,101,52512272,32423828,168006756,129531158,68,521,3000000.0
3578217300018982,Produk Digital,6,44870192,40520373,105745694,33555599,111,330,0.0
3578748866464070,Produk Kreatif,16,96575660,100509826,188679387,90628236,71,183,0.0
3578961424120992,Bisnis Kuliner,47,74503856,59592998,104474363,5763369,184,734,29100000.0
3578218069517293,Jasa & Freelancer,49,88306788,99265882,128410341,72660595,232,332,0.0
3578903915386825,Produk Digital,86,39249845,36547048,149464689,92625235,248,417,0.0
3578751679795363,Toko & E-commerce,44,35949803,38880133,28263394,6306767,240,468,0.0
3578925681106315,Jasa & Freelancer,75,84917334,82177215,95300781,2188106,176,607,11100000.0
3578633356940935,Produk Kreatif,48,37675473,27813435,165029140,92572601,151,531,3900000.0
3578110977038883,Produk Digital,27,14490777,9693594,114099718,44597276,133,531,3900000.0
3578622657187359,Jasa & Freelancer,60,5314351,3003338,64484331,20862029,134,648,14900000.0
3578827164617915,Produk Digital,50,66519947,59031868,97276672,33113276,291,508,1800000.0
3578487967794459,Jasa & Freelancer,37,44154241,29847497,37388316,21574085,171,530,3800000.0
3578916557269948,Produk Digital,100,95632184,60210491,63085309,37276082,151,573,7900000.0
3578747357163267,Produk Digital,79,40983442,48621011,57108041,13534444,194,487,0.0
3578431483177363,Bisnis Kuliner,93,74690398,43963371,17218027,13420349,293,640,14200000.0
3578865758896013,Produk Kreatif,84,68884623,39389009,8292468,3808327,250,650,15000000.0
3578583092399018,Toko & E-commerce,26,9895666,6696742,133239453,12160727,43,621,12400000.0
3578638591937347,Bisnis Kuliner,76,87482772,85778233,45728909,5458114,298,596,10000000.0
3578434788945402,Bisnis Kuliner,34,18898299,16831791,116715862,56613510,125,367,0.0
3578674562228753,Jasa & Freelancer,60,62421007,44203261,162981012,129085037,166,577,8200000.0
3578781047077731,Bisnis Kuliner,81,16318904,18983995,60777640,30413862,145,348,0.0
3578188735863186,Produk Kreatif,33,26328859,23337758,47018905,100648,240,656,16000000.0
3578755795855462,Jasa & Freelancer,40,7380847,4886367,194772011,44052501,242,696,22700000.0
3578851924991536,Produk Kreatif,36,86893865,79321300,58101691,19761034,288,472,0.0
3578809635153062,Produk Kreatif,119,38652586,41692295,24168932,1153110,167,581,0.0
3578922894448206,Produk Digital,120,41736657,33698486,130815152,72071613,216,520,2900000.0
3578400401507048,Produk Digital,72,69276072,55866386,165534244,5278660,231,755,32600000.0
3578455342117469,Produk Digital,35,6471527,3649481,186005589,124394379,20,412,0.0
3578941811753545,Toko & E-commerce,76,8399803,8686877,52027403,19583149,236,431,0.0
3578408877180672,Produk Kreatif,77,61503492,58080780,136996639,106205848,250,426,0.0
3578548171080147,Toko & E-commerce,44,92943797,53277236,48171093,12709602,263,698,23100000.0
3578827087359039,Jasa & Freelancer,107,76832717,40390037,28638370,7205807,175,715,25900000.0
3578545699699578,Produk Digital,108,3154493,3029456,150651358,55677891,37,335,0.0
3578667741343954,Toko & E-commerce,82,69906611,65557449,18854431,3070380,291,590,9500000.0
3578582273412927,Jasa & Freelancer,18,6874790,8120521,168442743,107710878,91,173,0.0
3578706925050424,Bisnis Kuliner,73,57759583,32648399,35456987,13089242,70,607,11100000.0
3578646122147534,Toko & E-commerce,68,97678746,67534834,134519993,105490001,134,570,7600000.0
3578707552271685,Produk Kreatif,52,28583290,32736662,141429875,84438449,79,269,0.0
3578176725411465,Toko & E-commerce,101,58692629,43310035,141294795,30200085,11,589,9400000.0
3578895783733945,Toko & E-commerce,110,81777447,74085981,182151497,71350978,86,417,0.0
3578690328426008,Jasa & Freelancer,47,47619335,42207026,150875897,45529524,174,501,1100000.0
3578309893341015,Produk Kreatif,76,54401477,36095038,115266601,4024861,252,862,67600000.0
3578520096802415,Jasa & Freelancer,87,90512508,107399671,137963770,106488654,74,265,0.0
3578463312058510,Bisnis Kuliner,114,62096899,35382701,127655697,1567367,83,796,39500000.0
3578182267355023,Jasa & Freelancer,103,38570755,28426371,190946475,60718432,51,558,6400000.0
3578464435556959,Produk Digital,51,45501540,42715000,135982404,94902992,28,259,0.0
3578175666412237,Produk Kreatif,83,94858555,108579880,66065383,39468325,232,380,0.0
3578211576110945,Bisnis Kuliner,59,25329103,24969450,12770469,469861,38,509,1800000.0
3578492102028955,Toko & E-commerce,58,22538047,15121637,115609298,52341237,102,565,7100000.0
3578289708635239,Bisnis Kuliner,81,54344226,50746489,69647255,27728926,83,408,0.0
3578607803382689,Toko & E-commerce,61,37269370,36031598,129890469,93646812,289,397,0.0
3578177987911475,Jasa & Freelancer,47,81862539,58073938,118899563,65662380,243,569,7500000.0
3578434343034522,Produk Kreatif,52,67855088,38993421,107371698,49126648,161,601,10500000.0
3578873062725840,Toko & E-commerce,5,91346110,70981775,7173781,3247881,35,318,0.0
3578769631000910,Jasa & Freelancer,109,41412328,43193832,66771935,32427924,190,359,0.0
3578796725319270,Produk Kreatif,82,36638559,35701899,198522737,121888319,80,311,0.0
3578205777520189,Bisnis Kuliner,42,62166287,32535048,102941691,60312282,56,487,0.0
3578426029368922,Toko & E-commerce,98,58767881,36609337,40476375,25468150,197,617,12000000.0
3578652035807486,Toko & E-commerce,109,25084778,17054615,134345041,103970603,161,590,9500000.0
3578981923066620,Bisnis Kuliner,62,13106509,7844638,65562982,45114706,213,640,14200000.0
3578713341033639,Toko & E-commerce,14,55958901,28524661,149035033,14735241,198,704,24100000.0
3578923228529421,Toko & E-commerce,77,54140376,58238375,104716696,9076517,129,523,0.0
3578127794781513,Produk Digital,116,78350823,57165105,168767693,29887705,42,628,13000000.0
3578433723585310,Jasa & Freelancer,17,21760553,11571017,14989054,3649710,262,630,13200000.0
3578203577948775,Produk Kreatif,116,75148284,44710586,126774068,37627711,286,731,28600000.0
3578746045230097,Produk Kreatif,116,58684858,56246228,136358094,67159330,153,383,0.0
3578856054759475,Toko & E-commerce,30,62509870,50713451,68381003,46797234,60,347,0.0
3578855832329275,Toko & E-commerce,72,89547189,67256358,111874796,24691344,72,621,12400000.0
3578601756080094,Bisnis Kuliner,87,31468360,29869551,165295147,128413609,35,308,0.0
3578468451477211,Produk Kreatif,19,78776373,50703932,153769020,25483509,120,634,13600000.0
3578461777974575,Produk Kreatif,103,82991301,41660379,43839383,34634070,286,630,13200000.0
3578977249879964,Produk Kreatif,17,91725654,101495676,40380660,480056,131,464,0.0
3578454716422315,Bisnis Kuliner,25,38617024,20724958,118000739,49662785,42,473,0.0
3578591671732584,Toko & E-commerce,68,82680504,47651900,140248169,24857558,32,655,15800000.0
3578962116944078,Produk Digital,41,64477426,61275379,13361936,650196,255,579,8400000.0
3578541725783739,Jasa & Freelancer,90,17490391,14747691,124067856,7294268,51,599,10300000.0
3578767103390612,Produk Kreatif,11,19937148,13806698,174940239,81923071,176,505,1500000.0
3578682386363435,Toko & E-commerce,61,70853916,65454759,31623014,20064071,68,334,0.0
3578820922255341,Produk Digital,95,31859907,25521345,66335777,21960516,242,610,11300000.0
3578556979066473,Bisnis Kuliner,43,60279295,43326738,73421458,21985381,88,598,10200000.0
3578175051409106,Bisnis Kuliner,109,14457410,8172211,30921316,18418937,200,640,14200000.0
3578245220443325,Produk Digital,10,81714010,95575749,155775734,41080676,72,257,0.0
3578488311466297,Jasa & Freelancer,114,99779126,53482834,82209930,39487737,190,612,11500000.0
3578731805153549,Produk Digital,30,23767532,22810067,65195272,44190651,189,310,0.0
3578713516207200,Toko & E-commerce,17,40388792,36425440,120188984,81262672,295,344,0.0
3578765832690225,Toko & E-commerce,6,27215035,18813462,87942444,64833809,189,476,0.0
3578297594719776,Produk Kreatif,75,91227303,71207384,43084186,25539239,25,431,0.0
3578920732849790,Produk Digital,30,53491958,42466342,96508569,12153075,169,620,12300000.0
3578459581516648,Produk Digital,79,14402740,16107153,46763163,5888788,35,423,0.0
3578188794019516,Toko & E-commerce,59,91843907,73182175,167960724,59396849,149,571,7700000.0
3578929854549786,Produk Digital,17,49328316,39508999,81033395,43966639,259,418,0.0
3578832407605075,Toko & E-commerce,8,32597483,25317956,165880069,7269788,114,589,9400000.0
3578942720833045,Produk Kreatif,100,37295247,26204125,37208053,230092,230,874,72900000.0
3578242488524208,Jasa & Freelancer,71,97445158,64418802,154981214,103323397,191,603,10700000.0
3578534101258787,Bisnis Kuliner,58,5515446,4532748,25901084,17863667,229,533,4100000.0
3578544844364378,Jasa & Freelancer,40,18458308,14462502,92179295,12674519,245,671,18500000.0
3578859487768166,Toko & E-commerce,14,61614462,67229946,70314768,24507595,215,330,0.0
3578188149747921,Jasa & Freelancer,114,44644346,45629351,64477796,17180425,96,398,0.0
3578658673795404,Bisnis Kuliner,70,71444607,45419665,98784709,27746628,85,663,17200000.0
3578212683916677,Produk Kreatif,35,29477373,18318693,46035670,27997616,48,453,0.0
3578790514124625,Jasa & Freelancer,62,78663295,81173756,125502087,68386938,299,360,0.0
3578798546330841,Produk Digital,44,87183695,62885357,123047933,6721986,236,774,35800000.0
3578433424260229,Toko & E-commerce,78,10539294,7866103,24915403,6187149,241,707,24600000.0
3578160291064054,Toko & E-commerce,109,41530827,22996105,29238783,14385677,269,623,12600000.0
3578608457480605,Produk Digital,73,8505975,6930784,158452923,82628440,174,494,0.0
3578622289523089,Produk Digital,22,11304547,9217345,97190875,76383131,53,308,0.0
3578810836625307,Produk Kreatif,8,36251599,36082492,122956389,51550062,91,212,0.0
3578509584822948,Toko & E-commerce,52,57864099,60301645,187240218,89558623,181,346,0.0
3578461060342132,Bisnis Kuliner,74,94050534,72474866,72644603,42060275,86,495,0.0
3578187331124984,Produk Digital,87,21982195,25097567,88277196,68340427,210,360,0.0
3578753388872137,Bisnis Kuliner,42,78017250,59579864,93174753,60614633,279,541,4900000.0
3578809070981276,Jasa & Freelancer,68,51563745,26439897,87910605,12677618,119,727,27900000.0
3578635866560574,Produk Kreatif,31,21463709,13059843,84401086,57016538,61,453,0.0
3578948289068027,Produk Digital,109,73669879,38781537,95399497,66885944,77,517,2600000.0
3578514882014361,Produk Kreatif,23,27272734,29507504,172702495,111779095,94,208,0.0
3578584133794547,Bisnis Kuliner,55,51895439,50517825,68761526,53336314,155,365,0.0
3578923570248966,Jasa & Freelancer,32,74673763,49838610,130900416,94664494,109,471,0.0
3578844609207085,Produk Digital,59,64965637,67473764,107508101,43253235,224,406,0.0
3578280243749279,Produk Kreatif,105,84156554,50231278,72109727,3010137,256,859,66200000.0
3578511776196814,Produk Digital,16,98482622,107555294,38467934,8772628,92,304,0.0
3578595092868749,Produk Digital,21,61716573,34820460,64602873,42209101,188,503,1300000.0
3578129766150285,Jasa & Freelancer,9,56211150,47858453,68291194,21097396,51,340,0.0
3578346423373551,Bisnis Kuliner,43,16298711,17723600,179472492,48140317,84,376,0.0
3578139245691417,Toko & E-commerce,120,66411827,65565102,42256879,25653007,250,380,0.0
3578776236594141,Bisnis Kuliner,118,13633503,6998114,62889378,42008248,290,640,14200000.0
3578902902156753,Produk Digital,70,59808292,34559073,82336678,15653205,72,668,18000000.0
3578362198087367,Jasa & Freelancer,84,86592219,71003847,34758188,23265399,265,510,1900000.0
3578690973494218,Bisnis Kuliner,83,72172559,65138132,197882775,22729107,229,663,17200000.0
3578774316584253,Toko & E-commerce,33,79593187,63005753,183340813,98008851,278,476,0.0
3578499323100384,Bisnis Kuliner,70,76025444,65011591,141263901,62625333,209,539,4700000.0
3578619147005473,Bisnis Kuliner,84,54926331,65182593,73088723,43696332,192,384,0.0
3578176401111736,Toko & E-commerce,33,91195059,85703281,161203483,94811762,180,337,0.0
3578147817630111,Toko & E-commerce,72,48439043,51803435,52000128,34544045,247,370,0.0
3578868716765015,Jasa & Freelancer,83,27464938,29333882,21938421,12567118,244,360,0.0
3578422281391379,Produk Kreatif,8,29772387,33346659,89717106,66991475,273,250,0.0
3578700502596590,Jasa & Freelancer,35,7915156,8131269,56298937,12886191,34,308,0.0
3578820978113703,Toko & E-commerce,37,19706752,20880086,122293242,87022552,235,312,0.0
3578471027814103,Produk Kreatif,66,95887860,81338447,144392050,30809878,52,538,4600000.0
3578566979258469,Bisnis Kuliner,58,83859912,100344147,53440918,23320522,174,397,0.0
3578186340000596,Toko & E-commerce,87,42680122,30496957,166765011,95744851,95,529,3700000.0
3578588293821738,Toko & E-commerce,60,8684813,8760979,99639419,49010756,232,374,0.0
3578801258875542,Bisnis Kuliner,12,93084776,88082286,102525589,42083557,91,277,0.0
3578134156970372,Produk Kreatif,111,84547054,82404819,122621122,3413671,44,520,2900000.0
3578955712084340,Toko & E-commerce,49,54385847,63339225,13693368,6628629,240,350,0.0
3578507802091871,Toko & E-commerce,59,13319387,12010694,147125805,43190245,170,530,3800000.0
3578407732520156,Produk Kreatif,17,6478029,6575021,138961093,57557159,297,315,0.0
3578388268588472,Toko & E-commerce,93,62897763,40896081,169249531,38667002,261,755,32600000.0
3578234003745604,Produk Kreatif,112,12939096,10563865,196493772,69969262,54,495,0.0
3578850805437251,Toko & E-commerce,88,49630633,49465777,152638734,66205080,163,378,0.0
3578275455264013,Produk Kreatif,104,51518659,44106619,37577984,29615436,81,410,0.0
3578968600167952,Jasa & Freelancer,6,51438711,45668060,104028837,38898949,292,381,0.0
3578770572261344,Bisnis Kuliner,11,44512297,34662259,197450397,113552880,279,451,0.0
3578943577941619,Jasa & Freelancer,108,80161840,44219315,90101467,46300519,240,610,11300000.0
3578849325047857,Produk Digital,47,20224779,22541975,152989390,78305346,103,254,0.0
3578573000594905,Produk Digital,119,10437386,11292976,144076982,17636805,94,469,0.0
3578452882961074,Produk Kreatif,47,72645282,81831143,26168794,5246431,292,497,0.0
3578238617711685,Toko & E-commerce,81,74602209,42180080,177063753,23887445,88,718,26400000.0
3578822289806797,Produk Digital,95,84220369,62014297,156295064,5150773,24,681,20200000.0
3578147593489764,Produk Digital,36,90393186,58535542,158581911,52850503,25,502,1200000.0
3578699694103067,Toko & E-commerce,85,43546385,36494543,188875828,61360850,242,592,9600000.0
3578856227660834,Bisnis Kuliner,23,62002851,49040239,129672743,21164979,83,552,5900000.0
3578450977696076,Toko & E-commerce,54,20551135,21218338,143238926,64360254,173,360,0.0
3578612139364441,Bisnis Kuliner,37,63343755,42664757,30987681,1254513,206,812,45300000.0
3578778021420947,Jasa & Freelancer,34,24434525,26131124,160071683,92345793,107,225,0.0
3578275076273196,Jasa & Freelancer,68,65654864,55749633,87823204,34944521,56,428,0.0
3578533556473575,Produk Digital,61,35310051,22972758,99729555,3882123,154,806,42700000.0
3578754960583409,Jasa & Freelancer,39,75033413,37946212,33856028,11671602,145,593,9700000.0
3578502556581887,Jasa & Freelancer,49,9072331,7080112,158083812,71051321,195,537,4500000.0
3578415908686997,Bisnis Kuliner,52,70680031,57621759,152601139,34148555,70,564,7000000.0
3578529911973419,Toko & E-commerce,104,48511258,43198416,103141713,62294721,111,394,0.0
3578660933307161,Jasa & Freelancer,67,8402922,4467937,41785420,23854188,252,610,11300000.0
3578600446723343,Produk Kreatif,80,72190008,43158557,169569221,43210311,211,752,32100000.0
3578778564527667,Toko & E-commerce,78,48147280,41171726,141825336,60399420,298,527,3500000.0
3578620978633501,Bisnis Kuliner,50,47458225,46113471,116814177,54547748,23,272,0.0
3578622254750088,Toko & E-commerce,86,80641510,72927672,198649368,8161337,255,679,19900000.0
3578676257961395,Produk Digital,102,54028283,32602989,187731234,36374287,66,662,17000000.0
3578117999281655,Jasa & Freelancer,43,59207740,35880002,190354753,31049401,266,735,29300000.0
3578773343378855,Jasa & Freelancer,114,11359252,11291581,144232964,23924407,176,514,2300000.0
3578830136378095,Jasa & Freelancer,70,53576565,38555133,51488303,18933836,282,659,16500000.0
3578698470737486,Toko & E-commerce,89,99760856,97418683,191109874,40417779,257,533,4100000.0
3578406001469648,Produk Digital,41,33181142,38458267,84890300,52372172,116,249,0.0
3578876058671125,Jasa & Freelancer,43,67398125,50155138,198720307,43473253,72,575,8000000.0
3578845492406305,Produk Digital,51,55953249,60030239,44319385,10298146,157,439,0.0
3578885787089052,Bisnis Kuliner,47,62374716,59828607,133601861,22871229,285,555,6200000.0
3578866918027702,Toko & E-commerce,20,17660143,16441133,162526113,31111667,35,358,0.0
3578347093941718,Produk Kreatif,9,16448342,12982857,197564337,74664132,80,399,0.0
3578275789144602,Jasa & Freelancer,86,66847325,55764972,58541054,35401464,157,465,0.0
3578414912017394,Bisnis Kuliner,119,15007214,14356038,67336134,28828068,29,333,0.0
3578556018430879,Produk Kreatif,120,7877451,9437346,111567418,70328586,105,308,0.0
3578924361457464,Toko & E-commerce,115,8028625,4066394,157461102,75931896,181,614,11700000.0
3578599438389318,Produk Digital,70,69291802,77778799,41024022,27931115,249,360,0.0
3578311625223853,Bisnis Kuliner,45,24809610,25101953,179022771,36845017,105,428,0.0
3578907514342796,Toko & E-commerce,104,42597485,38228979,56851339,7981697,217,635,13700000.0
3578571703329527,Produk Digital,44,14641746,11429102,30604744,4524145,81,589,9400000.0
3578454237968022,Produk Kreatif,3,38002007,29204621,124919653,75327216,178,413,0.0
3578741246974592,Produk Digital,4,38105069,36488589,190963652,36100163,70,313,0.0
3578437006305345,Produk Kreatif,54,95083242,80988514,193859652,119392894,70,391,0.0
3578426162546437,Toko & E-commerce,81,32641883,21327881,40854597,15628743,242,678,19700000.0
3578510623522096,Jasa & Freelancer,92,76717007,87377435,149288805,95783099,121,300,0.0
3578373855101806,Produk Digital,114,13988446,12139938,146780392,82639254,49,356,0.0
3578722414826633,Bisnis Kuliner,10,76504237,86604457,59266047,27153411,86,200,0.0
3578457188967265,Produk Digital,59,18601471,18158880,197446200,92112235,56,286,0.0
3578662206448862,Jasa & Freelancer,106,10467311,8556007,142773918,47449435,298,595,9900000.0
3578714428300898,Jasa & Freelancer,89,44361818,44641122,111286672,22654158,11,366,0.0
3578339426407161,Produk Digital,12,9078694,7231980,193008135,9844945,40,514,2300000.0
3578619406611023,Bisnis Kuliner,39,57877191,36230365,41353909,25335975,225,587,9200000.0
3578520440076410,Jasa & Freelancer,114,53666702,40945111,188269032,145214823,286,557,6400000.0
3578817830725289,Toko & E-commerce,18,26954324,32210222,110510872,46754280,124,246,0.0
3578103585531525,Bisnis Kuliner,41,65143331,63283482,151148433,51285030,204,446,0.0
3578352644409339,Produk Kreatif,61,49460773,30101083,55594835,41692139,67,530,3800000.0
3578989196602563,Jasa & Freelancer,81,5099943,3409141,23063265,1861606,27,689,21500000.0
3578759047446060,Bisnis Kuliner,34,8937353,6985308,67904970,29321899,38,419,0.0
3578650357691607,Toko & E-commerce,32,80324220,58093093,165502302,102285482,174,511,2000000.0
3578431729976873,Produk Kreatif,87,72961132,47769836,85665110,18856873,295,769,35000000.0
3578752613925183,Produk Kreatif,83,94100299,75189941,138042193,5177587,186,768,34800000.0
3578808418719388,Jasa & Freelancer,103,73392240,53070965,116756293,38133462,163,649,15000000.0
3578303480347115,Produk Digital,63,35342202,38683406,85728316,58812453,83,272,0.0
3578610266923198,Bisnis Kuliner,74,58388634,68749716,154595524,65547490,208,428,0.0
3578380215943625,Produk Kreatif,45,89799390,49870029,125738730,85213981,57,485,0.0
3578896869486866,Produk Kreatif,9,39032304,29821367,167395248,80741028,47,343,0.0
3578981276450865,Produk Digital,95,93120563,82988611,133686402,22340505,180,602,10600000.0
3578116789002083,Produk Kreatif,27,18745913,19173610,133559343,97705743,114,233,0.0
3578706618307372,Toko & E-commerce,102,40991562,31418525,148250615,76938670,167,539,4700000.0
3578496260389877,Produk Digital,115,69743428,57622219,198921416,74713360,173,546,5300000.0
3578327265319003,Toko & E-commerce,43,58556767,31152248,64397812,38188025,18,441,0.0
3578706710405015,Produk Digital,77,99638366,78943941,45912626,7206144,127,649,15000000.0
3578724401657321,Produk Kreatif,66,76905989,73693286,188837113,50995732,260,529,3700000.0
3578898720071165,Jasa & Freelancer,61,25579937,25910956,99536571,13478503,289,542,0.0
3578303960765549,Produk Digital,85,10882882,9432859,24952917,18868160,34,346,0.0
3578107577777649,Jasa & Freelancer,20,87651342,58025484,194829385,23540011,121,640,14200000.0
3578600388312673,Toko & E-commerce,10,85924441,81319751,170495655,124496126,259,289,0.0
3578104362534724,Produk Digital,73,58208920,29587342,147114466,84995997,284,610,11300000.0
3578417730854440,Bisnis Kuliner,67,96665059,93941334,53121577,4547905,59,514,2300000.0
3578265460975402,Produk Kreatif,27,86185576,74853827,100144558,21416894,213,550,5700000.0
3578508361278207,Jasa & Freelancer,61,78833309,52837673,192162948,34721116,51,657,16200000.0
3578816650594337,Bisnis Kuliner,14,57395532,43935408,153364663,58401889,14,390,0.0
3578287702290673,Bisnis Kuliner,66,61238367,58264330,93924779,42518367,58,347,0.0
3578683663683937,Bisnis Kuliner,32,31375916,35482743,190834567,135500833,253,320,0.0
3578148408984648,Bisnis Kuliner,90,40631028,45893484,156266027,82272093,101,315,0.0
3578118530570661,Produk Kreatif,78,22353063,22947166,196317008,128925681,49,266,0.0
3578277379043591,Produk Digital,33,79060638,85721923,109463431,59288456,286,292,0.0
3578522331563827,Produk Kreatif,104,95517694,96178151,139430556,83151538,187,370,0.0
3578207604806831,Jasa & Freelancer,32,13202996,9749289,169783193,129695126,213,507,1700000.0
3578954565006570,Toko & E-commerce,6,88110541,60913365,125943646,49430710,192,532,4000000.0
3578574058849227,Produk Kreatif,90,81634827,78571099,28003339,17298612,161,382,0.0
3578374010560537,Bisnis Kuliner,13,38966597,23689925,196039380,122938692,88,438,0.0
3578528378557598,Toko & E-commerce,49,17301022,9758889,87749915,31220427,148,625,12700000.0
3578242173001372,Bisnis Kuliner,26,60845091,49539500,153911884,63096589,62,401,0.0
3578194602074538,Toko & E-commerce,73,15490873,14218254,92088602,63630880,16,300,0.0
3578552225040924,Jasa & Freelancer,102,14368176,14474367,155199447,112390172,134,310,0.0
3578673687201701,Produk Kreatif,90,54100987,33469642,77187385,18594828,262,759,33300000.0
3578169346262044,Produk Kreatif,58,40038975,31821842,134984853,84518511,194,541,4900000.0
3578891333078722,Jasa & Freelancer,79,85767884,54624172,33715177,3654443,13,665,17500000.0
3578537866862632,Toko & E-commerce,110,86240786,66053799,93460680,32914827,230,638,14000000.0
3578816656131881,Produk Digital,20,43323741,31386560,191641105,30793121,170,636,13800000.0
3578419198265730,Jasa & Freelancer,76,35537638,25875678,80242497,52414047,211,586,9100000.0
3578226121781400,Produk Digital,28,82487366,98826913,53298843,29067596,291,280,0.0
3578609929498554,Produk Kreatif,59,42101812,45549835,23564638,15438902,219,377,0.0
3578648351263590,Produk Kreatif,84,43645509,29216950,181808495,22419640,226,818,48000000.0
3578515705919320,Bisnis Kuliner,60,83253323,69555178,112590299,48131668,224,563,6900000.0
3578140989644042,Toko & E-commerce,92,75062301,68732594,27812164,2433440,137,599,10300000.0
3578832968817887,Toko & E-commerce,24,89838849,83449019,156188294,122902470,214,339,0.0
3578928786143023,Toko & E-commerce,104,60774765,34894511,31469496,6513893,271,766,34500000.0
3578670143392415,Produk Digital,77,95296754,86021023,124662769,37311025,247,541,4900000.0
3578846346526827,Produk Digital,91,70171380,42490276,11593487,4477600,161,637,13900000.0
3578194324902957,Bisnis Kuliner,109,22015320,16375657,97091261,35367056,115,607,11100000.0
3578630519148549,Toko & E-commerce,63,16102741,12990341,192035965,69508907,44,483,0.0
3578148534264683,Bisnis Kuliner,5,49047142,46770322,186768205,119539141,134,241,0.0
3578291194737973,Produk Digital,23,47424679,42297799,129031718,23933376,217,514,2300000.0
3578304568262884,Produk Kreatif,84,91222374,73205418,12836240,7572235,111,477,0.0
3578750470971674,Jasa & Freelancer,52,3597274,3573226,60239851,13413961,42,365,0.0
3578214148840081,Produk Digital,26,52095909,37935691,127822756,11652831,260,705,24200000.0
3578446342334150,Produk Digital,52,85048427,65893889,35663939,9926690,244,638,14000000.0
3578291630113537,Toko & E-commerce,120,85474715,78048488,185418176,19869081,70,541,4900000.0
3578436032111165,Bisnis Kuliner,26,53104292,52329266,142123506,44167809,80,321,0.0
3578523375568165,Jasa & Freelancer,26,68319770,64552013,191141983,140552204,98,244,0.0
3578282771957811,Jasa & Freelancer,39,21830282,13774231,126064651,62468562,193,554,6100000.0
3578112678064653,Jasa & Freelancer,20,29189702,31251988,155748541,62976987,263,307,0.0
3578853376495451,Jasa & Freelancer,56,98313695,106957854,136184277,18221836,299,533,0.0
3578972010906800,Produk Kreatif,40,7388260,5115609,149313214,34481833,244,714,25700000.0
3578918473236457,Jasa & Freelancer,73,71559218,41450512,35657114,7641716,288,752,32100000.0
3578694281146167,Bisnis Kuliner,100,99499894,80491097,63664403,50410785,62,445,0.0
3578927441219419,Produk Kreatif,41,7325890,5969228,98570418,67989902,54,377,0.0
3578233118034637,Produk Kreatif,29,81909809,80467665,195791562,95587289,229,323,0.0
3578775022751100,Produk Kreatif,103,30732020,32867001,20933747,9547034,282,401,0.0
3578754042279961,Produk Digital,24,46440052,55045399,83553528,19339851,146,363,0.0
3578846895479712,Bisnis Kuliner,20,58243509,66580374,79443469,55105015,74,195,0.0
3578371152842541,Produk Kreatif,94,46231088,49926675,186525331,58598910,82,384,0.0
3578793969758420,Toko & E-commerce,83,58596350,44686785,25271245,12810050,57,460,0.0
3578664370946672,Toko & E-commerce,91,52535894,42989437,136008443,35611284,11,498,0.0
3578954135455024,Bisnis Kuliner,96,64532017,60943287,192177084,55073760,42,424,0.0
3578687532962937,Jasa & Freelancer,30,60665720,65360844,137799032,29603293,155,393,0.0
3578702746068790,Produk Digital,19,78986307,86623951,97271901,69580899,34,133,0.0
3578207571505778,Jasa & Freelancer,5,19674831,22637920,47408377,16736521,10,153,0.0
3578320880716109,Produk Kreatif,115,90241147,64189056,78556539,5865973,194,828,52400000.0
3578191269726979,Toko & E-commerce,88,90095388,55486826,111392129,55749914,129,566,7200000.0
3578819103071273,Bisnis Kuliner,93,15775337,7899664,132991827,8292170,125,802,40900000.0
3578849555305586,Jasa & Freelancer,4,4082139,4028736,37371647,29543181,226,230,0.0
3578244714761229,Jasa & Freelancer,12,33728728,25908687,32495085,2682834,198,640,14200000.0
3578430201333423,Produk Kreatif,51,20870584,19808340,186767601,21344260,281,592,9600000.0
3578111009251941,Produk Digital,86,25027350,20223841,198926371,33905878,87,599,10300000.0
3578554922481252,Produk Digital,90,62375757,68736448,28270140,20277446,81,270,0.0
3578236375715642,Produk Digital,96,54543890,40693830,120263163,30258565,81,606,11000000.0
3578401711945117,Bisnis Kuliner,34,77275638,71147629,198590185,96529621,23,265,0.0
3578324633873429,Produk Digital,80,71386961,45120312,110159862,26045497,37,619,12200000.0
3578642193841387,Jasa & Freelancer,17,35357445,30043496,164431809,9341306,16,461,0.0
3578499375619431,Toko & E-commerce,19,54920550,60553740,157573449,53053535,289,349,0.0
3578291911774790,Jasa & Freelancer,101,12796799,6547899,23128137,255213,120,794,39200000.0
3578537181671620,Produk Digital,39,87365330,87264017,116516676,39482863,215,389,0.0
3578800433694008,Produk Digital,71,85684436,51999854,27440419,6803180,271,736,29400000.0
3578327293641554,Produk Kreatif,71,46855682,36243435,175267064,107014442,43,450,0.0
3578865836346510,Jasa & Freelancer,96,35029368,18934570,28142570,20817121,69,511,2000000.0
3578771962115421,Produk Digital,10,44512209,43010176,181644584,107629238,71,166,0.0
3578877443476215,Produk Kreatif,92,4523452,2780488,98067949,41032051,142,627,12900000.0
3578508738993541,Produk Kreatif,98,39072958,39583059,36690609,22643398,25,248,0.0
3578986202124371,Jasa & Freelancer,37,73310522,39933003,196212815,153053936,49,439,0.0
3578600347143930,Produk Digital,49,10440911,8871924,157172336,20983311,90,558,6400000.0
3578947204272532,Bisnis Kuliner,117,80029205,77779128,35959628,6570670,270,572,7800000.0
3578147255671923,Bisnis Kuliner,34,9171536,7614532,107805269,79364216,101,392,0.0
3578142337576544,Produk Digital,105,98834249,100659330,117573591,21117657,137,472,0.0
3578450985964040,Toko & E-commerce,108,13453825,12109454,37051443,14881073,36,379,0.0
3578345583414008,Produk Digital,8,56811222,31146668,129847766,89961880,169,456,0.0
3578195895027289,Produk Digital,61,4069604,3085751,83274461,37560562,165,559,6500000.0
3578786076254724,Produk Kreatif,62,52428849,47929597,137435497,109705095,110,384,0.0
3578935571109496,Produk Kreatif,22,3856024,4444755,11418361,2128362,187,432,0.0
3578101438888667,Jasa & Freelancer,111,44273379,25358212,147220992,115788220,224,610,11300000.0
3578258900730136,Toko & E-commerce,14,8892193,10180601,144521802,47756571,200,339,0.0
3578193406516695,Produk Digital,15,70837366,42039122,110857869,6636438,300,717,26200000.0
3578577008872735,Produk Kreatif,33,42148093,28774236,89559560,66348728,211,562,6800000.0
3578459640602106,Toko & E-commerce,60,39501299,26210212,59415256,6469696,65,714,25700000.0
3578216631600236,Produk Kreatif,60,65552858,47186475,37410020,16039158,116,586,9100000.0
3578436948418166,Jasa & Freelancer,36,19094525,10755843,189161445,46036597,30,550,5700000.0
3578460161239746,Produk Kreatif,14,98449930,66330951,100493969,31856143,35,482,0.0
3578429325994952,Toko & E-commerce,107,26336132,13741073,113553211,77634178,294,620,12300000.0
3578704508393916,Produk Kreatif,15,65014395,37145009,42525409,4131879,41,599,10300000.0
3578958264913916,Produk Kreatif,19,29592965,31858939,104922345,57605327,53,167,0.0
3578746746156066,Toko & E-commerce,120,13064609,6731672,22306580,3528907,237,790,38500000.0
3578240914864790,Bisnis Kuliner,118,47499873,27823970,128747382,5215577,231,869,70700000.0
3578898098061664,Jasa & Freelancer,66,6957046,5342389,119531751,16524759,119,673,18900000.0
3578305764599825,Toko & E-commerce,38,62862640,70305367,14301138,7025938,135,270,0.0
3578424902586755,Jasa & Freelancer,55,76912181,64246410,28547574,6389541,80,532,4000000.0
3578320843931964,Produk Digital,34,87658420,104827294,150936728,95977193,205,295,0.0
3578885042350526,Toko & E-commerce,64,76083942,79660235,97350955,71079983,267,370,0.0
3578526583042771,Toko & E-commerce,26,6498112,4699528,63792785,1495479,153,718,26400000.0
3578989309877693,Jasa & Freelancer,70,50973830,52849133,67481607,52580581,61,255,0.0
3578822619043664,Produk Kreatif,37,74630600,79959196,20007864,12229602,122,264,0.0
3578980393840836,Jasa & Freelancer,48,26315234,16401503,164053245,41735719,193,697,22900000.0
3578752465575906,Bisnis Kuliner,93,97027679,72399871,157377753,70959298,298,626,12800000.0
3578310231641923,Jasa & Freelancer,72,44480401,27706385,15190815,1096866,129,770,35100000.0
3578343102290581,Bisnis Kuliner,70,67154596,33609428,169855547,27375874,76,716,26100000.0
3578887442564119,Produk Kreatif,120,46431355,25151362,44651142,20954216,82,556,6300000.0
3578223584963101,Produk Digital,113,51974686,60934661,105285011,59341834,212,360,0.0
3578209891104821,Toko & E-commerce,41,46299069,27571844,47279626,27700264,233,572,7800000.0
3578803480606983,Jasa & Freelancer,86,45585056,28351255,155854635,86475682,192,604,10800000.0
3578831103236841,Produk Digital,107,26535297,20296023,189817393,44723600,100,613,11600000.0
3578103130305126,Produk Digital,53,79166246,41377657,166702477,42438038,123,657,16200000.0
3578721222552579,Bisnis Kuliner,66,21876833,16009858,25886060,4928621,173,748,31400000.0
3578796505772923,Bisnis Kuliner,108,98155780,95114639,95127061,33989274,145,445,0.0
3578371483526792,Bisnis Kuliner,47,37448045,39354675,198384550,203329,207,606,0.0
3578905041025509,Jasa & Freelancer,24,58568711,49499779,106659883,29969820,202,508,1800000.0
3578965347817151,Produk Digital,86,95229108,62651983,126141544,7438253,27,700,23400000.0
3578122741459331,Toko & E-commerce,36,17055958,9413870,50662267,35987689,92,479,0.0
3578184748230645,Produk Digital,117,15496299,11414038,169724001,121281536,25,448,0.0
3578283195968159,Produk Digital,116,61277389,37377531,32181186,8524013,107,657,16200000.0
3578866262022322,Produk Digital,95,75494408,51765409,80570774,19169440,59,635,13700000.0
3578529709912209,Produk Digital,73,68893962,41853974,101859277,310921,54,748,31400000.0
3578790038122566,Produk Digital,64,29799898,16923089,60553518,8275592,159,760,33500000.0
3578190095776771,Jasa & Freelancer,111,18503345,13245571,111694329,42081460,145,617,12000000.0
3578804766066440,Produk Digital,52,27814337,21130951,107393412,31737044,238,642,14300000.0
3578387954437064,Jasa & Freelancer,62,38353058,25250487,77091561,34798920,87,549,5600000.0
3578867735004020,Bisnis Kuliner,13,92676390,68641136,150344111,49792364,126,517,2600000.0
3578166802211551,Jasa & Freelancer,107,73139805,58002970,148751054,81761663,253,532,4000000.0
3578620703117582,Toko & E-commerce,13,55989744,63377257,196744976,5466125,274,488,0.0
3578730503133233,Produk Digital,21,19143959,22292726,125538186,17362330,95,364,0.0
3578336103650362,Produk Kreatif,19,8727862,6950541,188375096,65613796,85,436,0.0
3578756417496092,Toko & E-commerce,43,11994192,6727773,154347878,49064720,176,650,15000000.0
3578404326883563,Produk Digital,61,4659440,4895140,172250838,80968379,224,374,0.0
3578555749798121,Produk Kreatif,21,79046949,72055554,31898304,23602912,298,356,0.0
3578210722301381,Toko & E-commerce,114,74891508,83586041,115297454,24363425,258,514,0.0
3578768176751968,Jasa & Freelancer,7,26112256,18090307,43615157,21571864,215,480,0.0
3578533958266613,Toko & E-commerce,91,34887353,18647419,132565411,97656694,200,620,12300000.0
3578469454087066,Toko & E-commerce,42,40627490,44283663,191880159,105127613,126,269,0.0
3578426994695907,Jasa & Freelancer,102,46066216,31720919,116876577,56566312,55,509,1800000.0
3578586138482099,Produk Kreatif,119,57649480,58725298,143647292,99655478,38,258,0.0
3578969796460288,Produk Kreatif,11,44758234,44610468,113282875,12293441,278,455,0.0
3578726546962644,Bisnis Kuliner,25,28872271,32124051,58882183,39426411,137,255,0.0
3578598358245380,Bisnis Kuliner,120,51368724,51021665,78545274,23145842,247,498,0.0
3578535961198167,Bisnis Kuliner,90,7102122,4753853,136207690,64730644,100,577,8200000.0
3578746283409796,Produk Digital,47,49204319,30234063,74433494,44598235,56,469,0.0
3578131289134744,Jasa & Freelancer,9,24865061,27293754,62530706,42876614,125,176,0.0
3578326248978305,Toko & E-commerce,86,57963125,49807532,188126596,1339158,77,641,14200000.0
3578291759000690,Produk Digital,105,4135982,2715847,168301067,108397408,166,584,8900000.0
3578807421349759,Toko & E-commerce,57,53529679,58674434,128211342,25847274,248,511,0.0
3578844327045483,Produk Digital,108,86698993,67452404,32464196,190826,201,792,38800000.0
3578811081043785,Produk Digital,80,40940248,29023899,34019088,13110641,182,646,14700000.0
3578404892688739,Toko & E-commerce,113,40162866,27423319,195882780,149213754,162,591,9600000.0
3578264017757655,Produk Digital,100,35252798,39827939,166070213,53686969,173,428,0.0
3578253247679053,Bisnis Kuliner,86,69756250,83583918,74639208,54152929,217,390,0.0
3578909121479722,Bisnis Kuliner,77,98035406,117282463,55979963,15368383,123,444,0.0
3578687063266109,Jasa & Freelancer,119,93176660,69970826,85582934,57882768,295,567,7300000.0
3578422900519786,Bisnis Kuliner,63,20172371,20548449,199665805,129118903,103,317,0.0
3578851391314460,Toko & E-commerce,86,14985619,9824234,64949133,38668632,167,595,9900000.0
3578965094342411,Toko & E-commerce,50,37971668,34550401,129489795,88178810,250,420,0.0
3578742674840367,Produk Digital,82,12558414,10430438,57222454,22910835,205,551,5800000.0
3578428693153552,Jasa & Freelancer,9,23237141,13852954,58766707,16110065,244,595,9900000.0
3578444212526725,Produk Kreatif,102,13846331,11649010,174391569,137649410,170,489,0.0
3578162854694491,Bisnis Kuliner,60,39712288,25676681,50259763,23170913,91,577,8200000.0
3578965391144066,Bisnis Kuliner,19,85474074,68686794,120268794,38812518,254,539,4700000.0
3578105941298800,Bisnis Kuliner,71,29764927,30106073,8778797,6264594,281,390,0.0
3578117998389950,Bisnis Kuliner,83,36396474,23962929,97435688,24327139,62,661,16800000.0
3578651403150631,Produk Digital,42,25417070,13870118,17272427,4120541,158,664,17300000.0
3578900822105632,Produk Digital,79,73345879,54018111,189356143,150799053,185,568,7400000.0
3578492947325349,Produk Kreatif,24,57142310,29336137,65215807,37938322,77,447,0.0
3578904065939484,Bisnis Kuliner,78,70730769,43732079,103406143,58826521,29,511,2000000.0
3578381923032364,Produk Digital,82,9521231,8719037,17874264,9465780,20,295,0.0
3578856121412088,Bisnis Kuliner,56,62634854,47989424,151909996,30714778,88,639,14100000.0
3578861091805321,Bisnis Kuliner,41,59488410,57297167,182833917,76104140,80,325,0.0
3578215528701496,Produk Digital,95,85906016,50032883,35605010,22353112,264,610,11300000.0
3578766573111792,Produk Kreatif,102,38298445,41440801,59136234,16932920,219,486,0.0
3578277362182900,Bisnis Kuliner,73,69619601,79174866,189738330,141639564,179,374,0.0
3578101007192464,Bisnis Kuliner,88,14945758,16960686,159122959,85165399,86,304,0.0
3578202862087422,Produk Digital,12,16594977,18807844,177962840,32910353,161,368,0.0
3578607940549277,Bisnis Kuliner,15,26448079,29407574,82998533,23917831,170,360,0.0
3578913578454423,Bisnis Kuliner,15,9159129,4641578,42149975,22368318,97,450,0.0
3578492253611454,Jasa & Freelancer,82,39011877,43495624,29951429,8928453,185,449,0.0
3578225339469780,Jasa & Freelancer,54,64275585,44368354,108539712,59905449,254,595,9900000.0
3578562997041133,Produk Kreatif,17,20785402,20521820,20742771,16288372,91,201,0.0
3578555711977788,Produk Digital,64,79362294,77368332,53656760,26241296,193,381,0.0
3578132690535494,Produk Kreatif,64,68514730,39673882,115403278,40685461,42,585,9000000.0
3578818383157138,Toko & E-commerce,4,97565539,108086284,145879734,89573508,299,230,0.0
3578838544371682,Toko & E-commerce,69,73209719,71875044,170957272,13025869,137,549,5600000.0
3578480026994241,Jasa & Freelancer,22,77939694,87638768,169527853,7400381,90,410,0.0
3578182314782848,Jasa & Freelancer,44,35331952,25849788,79667236,3209042,124,716,26100000.0
3578806738996999,Jasa & Freelancer,54,34541166,19176613,124236042,79636425,239,595,9900000.0
3578591767124599,Toko & E-commerce,18,69756320,71267749,9769864,802249,221,473,0.0
3578710039252993,Produk Digital,3,15199793,16024356,171179305,87306666,270,217,0.0
3578325753499393,Jasa & Freelancer,46,51767001,55790213,64839124,43795843,179,309,0.0
3578944219419581,Produk Digital,79,66502927,66613365,102521137,58717013,68,261,0.0
3578933642144228,Produk Kreatif,3,48816176,36543657,175097126,135095653,159,416,0.0
3578673582963489,Toko & E-commerce,92,17270328,9188586,49065120,19328601,219,673,18900000.0
3578379632270419,Produk Digital,28,28171649,16466950,110467349,19052481,107,624,12700000.0
3578472445768121,Bisnis Kuliner,99,58629268,31223032,174984192,117234682,73,544,5100000.0
3578604446076155,Produk Digital,67,21070539,24751527,6164372,2615491,34,273,0.0
3578630794051725,Produk Digital,102,26783708,26362465,51613888,30162936,75,279,0.0
3578525646523196,Produk Digital,80,46197138,39400480,108257091,36258742,137,517,2600000.0
3578534966782245,Toko & E-commerce,40,63779921,67820875,42092413,13898762,272,404,0.0
3578704308316563,Toko & E-commerce,94,77300459,72879514,58925752,9885983,158,552,5900000.0
3578480906095118,Produk Kreatif,93,90253117,106735651,52731233,21256738,175,409,0.0
3578227604993334,Toko & E-commerce,74,67474159,61264134,184088656,104580564,283,446,0.0
3578567495598460,Bisnis Kuliner,69,17290224,8950985,44010843,1868348,38,747,31300000.0
3578392916350474,Produk Kreatif,39,94723097,63975289,21651809,11962102,161,548,5500000.0
3578925509898025,Produk Digital,7,51141541,54712159,32509267,16023397,297,231,0.0
3578348527601777,Produk Digital,52,34889524,29922847,191865571,44150364,34,469,0.0
3578520591049677,Jasa & Freelancer,56,94959110,68262096,153209819,6594419,138,766,34500000.0
3578779477085741,Jasa & Freelancer,109,33272606,37865572,194147425,110205138,198,358,0.0
3578747488257296,Produk Digital,97,83985229,53542965,199592758,153972212,160,580,8500000.0
3578295201173737,Bisnis Kuliner,26,26326387,26709584,37038794,11176774,229,404,0.0
3578711084133994,Toko & E-commerce,19,24599504,22355789,73455377,331732,248,591,9600000.0
3578143614558368,Produk Kreatif,44,83111922,44514646,172870585,85136506,164,566,7200000.0
3578969690294032,Produk Digital,73,51061434,28135696,194966822,49577568,122,674,19000000.0
3578305973693879,Produk Digital,11,70798790,43297662,150781969,64780271,57,415,0.0
3578342018842821,Produk Kreatif,87,47544651,34790636,83805767,14645580,281,766,34500000.0
3578111378657364,Bisnis Kuliner,88,49440312,40143905,177406524,87099663,134,501,1100000.0
3578147068103454,Toko & E-commerce,51,18216804,14029000,150018849,86887990,22,405,0.0
3578670849841086,Toko & E-commerce,68,71281335,57872591,16771340,3977276,108,589,9400000.0
3578664016448587,Bisnis Kuliner,15,25467350,30055042,149411518,63733673,43,196,0.0
3578835344707156,Produk Kreatif,113,94993526,75704769,32897641,5410466,232,716,26100000.0
3578181345611638,Produk Kreatif,6,64636167,64753016,15170030,1062156,37,337,0.0
3578972642831598,Toko & E-commerce,74,12454577,11239927,66108158,48178916,218,451,0.0
3578595587826397,Jasa & Freelancer,58,45467059,23271117,185737253,17579030,13,667,17900000.0
3578893028872187,Produk Digital,11,81598977,43399379,24485581,7006797,267,594,9800000.0
3578418283428588,Toko & E-commerce,80,14610534,10184451,122487796,37374806,25,586,9100000.0
3578273834453435,Produk Digital,31,21304809,21789019,151491797,35749455,83,331,0.0
3578844309485120,Toko & E-commerce,4,77292758,85975583,42949759,4234336,12,289,0.0
3578755294836639,Jasa & Freelancer,71,76487621,88946351,86789909,14584377,186,515,0.0
3578551880969324,Produk Digital,21,24602928,15470196,170593784,113922306,109,444,0.0
3578298060795700,Produk Digital,112,10299874,11288367,152331099,56212028,291,425,0.0
3578418141733456,Bisnis Kuliner,35,16180503,10326273,160852459,62692620,179,616,11900000.0
3578238972851068,Produk Kreatif,15,41270459,38532620,56941876,14476262,240,445,0.0
3578775720101121,Toko & E-commerce,91,81405961,49387081,157165831,45828731,171,702,23700000.0
3578572268843968,Produk Kreatif,3,45038976,30280721,64465353,36729735,233,487,0.0
3578247572868691,Toko & E-commerce,115,67418331,55552291,101298964,62786472,259,516,2500000.0
3578218333529462,Produk Kreatif,85,84420187,47054258,80327267,55182497,81,540,4800000.0
3578692238611178,Produk Kreatif,36,87103363,48213773,25240021,18013403,269,570,7600000.0
3578132777586215,Produk Digital,77,57376227,59581779,62112510,45034232,292,360,0.0
3578698119792712,Produk Digital,63,90766064,94636154,103198691,32404252,158,421,0.0
3578607381156553,Produk Digital,68,15153955,11785983,139799501,1184570,132,739,29900000.0
3578854256541226,Produk Kreatif,99,72006257,43078426,47740942,6842048,299,808,43600000.0
3578263070182553,Jasa & Freelancer,48,8425057,5503023,135900442,25195932,145,696,22700000.0
3578354989782496,Bisnis Kuliner,88,30752746,26524848,101972675,31659914,242,599,10300000.0
3578151030877196,Bisnis Kuliner,86,46496088,26607735,144954972,73470947,150,602,10600000.0
3578915334568012,Toko & E-commerce,77,76061428,68387751,106108783,55488554,197,451,0.0
3578819783599768,Bisnis Kuliner,69,36767356,28069308,64834063,26782785,190,623,12600000.0
3578634057847257,Jasa & Freelancer,116,84095825,42436299,42304020,14887587,127,629,13100000.0
3578662971807174,Toko & E-commerce,30,23164926,14613222,102233481,49237303,70,456,0.0
3578351947547483,Jasa & Freelancer,106,47322017,47519774,134256141,72522958,255,360,0.0
3578749445028286,Produk Kreatif,85,58149958,29988644,16581469,1696418,92,747,31300000.0
3578792068370016,Produk Digital,8,79808685,48109120,49651920,10258470,102,553,6000000.0
3578758871417913,Produk Digital,84,5499138,6131298,182635836,119999533,53,249,0.0
3578590556533399,Produk Digital,63,67648438,41901223,115264387,55404245,103,546,5300000.0
3578824231179755,Produk Digital,36,25511225,25688037,96985119,71563531,45,183,0.0
3578513303903106,Jasa & Freelancer,19,17572034,8989744,145314257,99928742,268,507,1700000.0
3578562500838136,Produk Kreatif,80,15924976,9940299,170020204,81584371,282,640,14200000.0
3578926795503319,Bisnis Kuliner,14,67725282,65122926,166993993,72046016,10,198,0.0
3578846357385326,Jasa & Freelancer,69,59463253,45148320,16660375,9298393,229,560,6600000.0
3578631726830504,Jasa & Freelancer,47,82060695,87249781,192021022,88501846,227,347,0.0
3578379747897805,Jasa & Freelancer,101,34207351,38895802,27499610,6231778,288,496,0.0
3578380927998469,Produk Kreatif,3,98180345,100198145,6909671,3194961,70,158,0.0
3578106527327452,Jasa & Freelancer,86,30570830,30003335,89799220,29371175,64,359,0.0
3578568816204203,Produk Digital,35,38071480,41820906,118698937,53620606,151,284,0.0
3578851584052379,Jasa & Freelancer,99,30339300,23945587,154669591,59698473,199,591,9600000.0
3578712286645735,Jasa & Freelancer,35,44158280,39934797,194379767,61910695,80,377,0.0
3578231680617183,Produk Kreatif,60,96859992,112790712,31918337,5476118,215,544,0.0
3578472743380166,Produk Digital,81,96557461,94548594,18972817,2439722,12,422,0.0
3578202238987926,Produk Kreatif,63,83563579,67248977,22201467,4672823,199,686,21000000.0
3578766063698940,Bisnis Kuliner,95,54583363,62851623,112547285,55280128,276,394,0.0
3578882914423862,Produk Digital,10,26524492,25150627,122835662,1052495,275,523,3200000.0
3578311681786127,Bisnis Kuliner,103,83465529,71561967,192488672,35675230,96,588,9300000.0
3578141549618351,Toko & E-commerce,33,90915178,45475871,47263757,3283614,151,731,28600000.0
3578541435333701,Toko & E-commerce,88,56035211,43921277,58770409,24342360,45,476,0.0
3578202732084792,Produk Digital,39,78042992,89008523,98441106,27364666,151,381,0.0
3578766691862699,Produk Kreatif,61,57218119,51635616,75090513,10514762,269,641,14200000.0
3578714637586841,Bisnis Kuliner,67,42493811,31359418,36409363,23387692,141,564,7000000.0
3578692173396446,Produk Digital,35,96172854,77894054,106221717,47856589,134,431,0.0
3578472620510458,Jasa & Freelancer,90,64836850,73107871,12341897,4758741,142,373,0.0
3578516901971065,Produk Kreatif,89,97110263,64185135,89753312,29613278,190,707,24600000.0
3578690628888281,Bisnis Kuliner,92,38346197,25836913,29967029,9563813,185,719,26600000.0
3578705916930041,Produk Kreatif,63,45127291,33731592,159004809,34227475,107,663,17200000.0
3578909597037491,Produk Kreatif,33,35488275,39424626,60506717,11094876,137,423,0.0
3578782196862986,Toko & E-commerce,22,17319594,10113170,26068847,14094114,262,525,3300000.0
3578106931334095,Produk Digital,8,67732147,51465430,89669081,35318167,150,445,0.0
3578299676488558,Produk Digital,38,56402482,36969850,159797383,16394694,279,753,32300000.0
3578567289306140,Jasa & Freelancer,72,7370484,6277682,110687580,76188487,99,407,0.0
3578865021156073,Produk Digital,61,45365995,44569703,8172901,4407502,204,374,0.0
3578209869593722,Toko & E-commerce,49,85245683,94050660,55238350,24241390,131,321,0.0
3578616553175066,Produk Digital,46,52113508,32765825,118801300,20009226,200,740,30100000.0
3578406663210123,Jasa & Freelancer,26,79693314,47162297,159590026,87584527,61,420,0.0
3578399448622255,Produk Kreatif,74,61011418,67076936,57630319,6724017,86,486,0.0
3578986794726782,Bisnis Kuliner,25,59575546,50622442,174289352,72087049,171,449,0.0
3578635948923988,Toko & E-commerce,35,78448945,86368475,17806868,5675432,93,317,0.0
3578336481055559,Toko & E-commerce,63,87538675,49670435,94833680,19707889,194,761,33600000.0
3578712292041102,Toko & E-commerce,47,5662253,4463173,99245134,68865689,111,447,0.0
3578733837760526,Produk Digital,25,41199537,30840998,185708826,75835243,238,527,3500000.0
3578189720288214,Jasa & Freelancer,81,41456543,34186162,43882428,30481003,182,492,0.0
3578793301422663,Produk Digital,76,57327674,62729692,24151280,1528523,185,567,0.0
3578444577572262,Toko & E-commerce,86,42105187,41991648,167506790,86385837,148,333,0.0
3578589143911724,Toko & E-commerce,98,81775038,70707194,125873440,41688182,104,495,0.0
3578125143648433,Produk Kreatif,96,34491128,33229297,193091898,115814935,117,348,0.0
3578534508571897,Bisnis Kuliner,15,11562070,13362927,132019844,57923310,23,175,0.0
3578537102831965,Produk Digital,100,14173787,8118035,170920539,21231662,209,797,39700000.0
3578350436840020,Produk Kreatif,97,41141360,33333236,38933385,4088850,97,658,16300000.0
3578134482451158,Toko & E-commerce,113,46647781,51544343,130411293,101718883,286,370,0.0
3578400367926126,Produk Digital,59,21134815,24911175,192266715,82949639,243,391,0.0
3578923049082002,Produk Digital,58,73257585,69437243,148286587,36734897,187,514,2300000.0
3578694774165062,Produk Kreatif,106,15019737,12155506,103189212,34027989,89,540,4800000.0
3578109893770357,Bisnis Kuliner,69,21293937,15772833,130949366,56056688,261,642,14300000.0
3578932995839679,Jasa & Freelancer,41,4225756,4378341,83630814,39942328,13,183,0.0
3578510376446583,Produk Kreatif,55,78236332,63056485,72080979,9414900,209,713,25600000.0
3578515874926672,Produk Kreatif,36,13631350,10844660,69306884,28643707,149,495,0.0
3578814187248898,Produk Digital,106,39080681,30835936,23378153,3411474,158,681,20200000.0
3578800553646149,Jasa & Freelancer,82,63769389,44032374,172169195,67765246,174,643,14400000.0
3578263292059848,Bisnis Kuliner,71,5970357,3762258,32453830,7324558,74,682,20400000.0
3578584108080333,Bisnis Kuliner,32,15106034,9146380,137494252,23889691,225,733,28900000.0
3578964626638158,Jasa & Freelancer,50,65234675,64442358,13519368,3571802,84,376,0.0
3578392298458992,Jasa & Freelancer,12,75905989,62933864,56591225,40550962,138,335,0.0
3578520121892833,Bisnis Kuliner,18,98923064,66701216,123906422,24499986,27,556,6300000.0
3578603366644677,Bisnis Kuliner,69,92390064,109711454,131923141,41067459,169,461,0.0
3578456208332147,Produk Kreatif,83,8662097,8846662,152526743,63564148,139,375,0.0
3578802146534620,Toko & E-commerce,28,51375646,57605647,183964518,32052248,67,353,0.0
3578796798167510,Jasa & Freelancer,44,5022353,3099556,79115040,37006652,212,586,9100000.0
3578369677319074,Bisnis Kuliner,8,80990837,84913439,132579501,73014876,89,176,0.0
3578947703702424,Bisnis Kuliner,34,24165928,20539672,189131862,93604363,40,332,0.0
3578491098756160,Produk Kreatif,92,74988124,79039460,38776551,15133492,172,413,0.0
3578714101621106,Toko & E-commerce,106,61883853,62702711,10731856,5917545,193,364,0.0
3578249140158778,Toko & E-commerce,118,8300062,6969657,122440512,54757825,287,529,3700000.0
3578639864666459,Produk Kreatif,75,28048615,24697770,91887423,53838856,150,442,0.0
3578709286469474,Produk Kreatif,11,74288059,45205609,84369024,55306835,287,507,1700000.0
3578599792943394,Bisnis Kuliner,102,88634408,75708889,54803981,38710567,196,508,1800000.0
3578781937798552,Produk Kreatif,44,99771460,54309520,149675038,98073040,107,520,2900000.0
3578849575172030,Jasa & Freelancer,101,77016756,46817874,81001885,20904969,174,711,25200000.0
3578203553654949,Produk Digital,87,11949617,6340994,39836014,5693006,26,658,16300000.0
3578216832039810,Jasa & Freelancer,27,16254482,8489261,177268900,118599918,260,527,3500000.0
3578785158185614,Produk Digital,35,9588161,7252943,167659437,96282817,16,362,0.0
3578818156061706,Jasa & Freelancer,116,13731620,11364857,176507900,8571250,295,729,28300000.0
3578559090903720,Toko & E-commerce,104,98084373,53045011,170606779,36279959,30,636,13800000.0
3578180463207281,Toko & E-commerce,12,31977615,37490899,31070251,2516072,128,405,0.0
3578523190261839,Produk Kreatif,27,73624297,70665599,158015636,79048909,101,256,0.0
3578922737164107,Produk Digital,56,17161873,17786538,159770129,45753483,244,456,0.0
3578833161871368,Jasa & Freelancer,116,16972387,10468000,53424826,23505447,268,640,14200000.0
3578823004112457,Produk Kreatif,71,83519326,67659717,99576273,71892872,291,538,4600000.0
3578552568089232,Jasa & Freelancer,108,46412847,42973161,156168005,68167489,202,453,0.0
3578704584113184,Toko & E-commerce,49,63720566,51820741,111593187,17465,27,618,12100000.0
3578413459411231,Produk Digital,5,72472352,43089161,86025002,452067,123,662,17000000.0
3578122827341773,Toko & E-commerce,120,77311410,66324689,158187579,117175545,89,405,0.0
3578139059665795,Jasa & Freelancer,48,23952341,14296811,103538063,73688069,137,532,4000000.0
3578380173576486,Toko & E-commerce,14,79569490,62052965,63367874,37223098,176,420,0.0
3578631686475006,Produk Kreatif,65,95555887,94790821,30599093,14570828,163,370,0.0
3578903319394118,Produk Digital,51,13533057,14156732,94762037,26376460,232,448,0.0
3578232576325087,Produk Kreatif,98,90614538,99189819,8069393,4092067,205,380,0.0
3578435239926875,Produk Digital,8,45857940,40261016,45152580,11805833,123,393,0.0
3578152197585733,Jasa & Freelancer,60,82877290,74811539,29181459,5184626,158,570,7600000.0
3578532874155731,Produk Kreatif,19,48119729,26840298,158394915,94443290,290,527,3500000.0
3578389477322407,Bisnis Kuliner,54,70353558,56574376,192333191,20060379,79,645,14600000.0
3578716245869731,Produk Kreatif,65,56058791,53624377,57640005,25876563,278,441,0.0
3578367345590182,Bisnis Kuliner,37,60722445,44108064,159623718,11441145,221,774,35800000.0
3578501251051563,Toko & E-commerce,27,46048774,34129852,180935244,3503895,166,718,26400000.0
3578775811885962,Jasa & Freelancer,82,22571424,18245033,67676887,10811259,201,689,21500000.0
3578929598665291,Bisnis Kuliner,17,10319968,6915760,171699072,127294903,157,500,1000000.0
3578473721138785,Bisnis Kuliner,42,63406241,52616605,94087479,15732145,285,653,15500000.0
3578324248296945,Produk Digital,69,37716489,33347412,172246560,100581461,82,368,0.0
3578867489486504,Bisnis Kuliner,51,81249598,92155585,146411555,5093015,97,522,0.0
3578409495816010,Produk Kreatif,104,96486229,89980678,19249963,7160383,14,360,0.0
3578525487797650,Toko & E-commerce,87,91597172,68895124,33961887,518349,207,818,48000000.0
3578659980847703,Bisnis Kuliner,118,45339783,38052025,165284531,70287002,105,490,0.0
3578650609976365,Jasa & Freelancer,74,98625996,50796522,71408820,52686577,166,584,8900000.0
3578638303582675,Jasa & Freelancer,98,24072888,12346035,188693431,53122950,164,692,22000000.0
3578402800569349,Bisnis Kuliner,83,37585138,41910214,12909690,9750810,153,354,0.0
3578264177627574,Toko & E-commerce,117,55726977,53489663,28567294,16680778,276,403,0.0
3578847155112232,Produk Digital,114,86956490,85266605,117027064,22502976,88,446,0.0
3578463377292435,Jasa & Freelancer,72,20686156,13336987,42198853,19615063,113,562,6800000.0
3578254028641175,Toko & E-commerce,91,97641803,110242499,41306565,14211583,84,360,0.0
3578448571161610,Bisnis Kuliner,74,74532887,86757853,36779347,5417898,84,479,0.0
3578133187553897,Toko & E-commerce,115,58571528,68694875,86429387,30630885,150,405,0.0
3578955351142474,Produk Kreatif,16,20655789,12999154,169277559,83548159,300,523,3200000.0
3578356033145333,Produk Digital,32,33992534,33352268,101438481,6449494,254,523,3200000.0
3578650331711552,Produk Digital,63,98565589,94100369,54385809,37074999,261,397,0.0
3578252359012408,Produk Kreatif,27,33369856,17437775,9030358,6685608,221,547,5400000.0
3578916999649281,Produk Kreatif,99,30455861,16637898,122919723,85269805,260,630,13200000.0
3578459436633395,Jasa & Freelancer,116,36122766,28872529,16227655,7892222,204,534,4200000.0
3578446690623051,Jasa & Freelancer,81,79763742,73036792,145990496,74909922,29,302,0.0
3578218200287829,Jasa & Freelancer,61,8692967,9687842,70960403,29445879,212,402,0.0
3578911679372078,Bisnis Kuliner,74,54995659,47367138,174288430,134214962,107,435,0.0
3578582286942999,Jasa & Freelancer,116,43876565,45700685,81749613,30171962,226,425,0.0
3578771279421259,Bisnis Kuliner,91,72386491,81982982,129441027,85937814,241,390,0.0
3578890662422778,Produk Digital,17,27128507,28352323,191861716,83867684,211,283,0.0
3578453963541959,Jasa & Freelancer,6,27008676,22081659,196296336,140673006,242,377,0.0
3578375265225649,Toko & E-commerce,91,90050454,102208501,49021810,28172823,73,274,0.0
3578224945714979,Jasa & Freelancer,84,51713437,28944765,194858793,59874242,271,706,24400000.0
3578513003624262,Produk Digital,51,8892974,9228970,94977723,42967282,86,275,0.0
3578293894612264,Bisnis Kuliner,56,44347409,31782139,124791532,28829893,102,677,19500000.0
3578100871241447,Produk Digital,100,36971980,18801932,138580893,94834902,288,610,11300000.0
3578107762958252,Produk Digital,115,69231992,46144151,163071526,86032704,242,610,11300000.0
3578587092891159,Bisnis Kuliner,79,83544341,42156568,151925894,33802045,295,778,36500000.0
3578152431404270,Produk Kreatif,21,10390556,9946815,14857232,1727889,26,379,0.0
3578734224920850,Produk Digital,41,47440977,54285253,18161757,1582073,101,444,0.0
3578839427304429,Toko & E-commerce,81,91707799,90245934,164710770,75408885,297,404,0.0
3578922294414604,Produk Digital,49,7810369,4414330,85341251,22040016,204,703,23900000.0
3578176537454301,Jasa & Freelancer,110,76882978,41935675,131383934,14141724,150,768,34800000.0
3578676939557520,Jasa & Freelancer,70,31164968,30762337,169296927,7880377,280,597,10100000.0
3578198729226142,Jasa & Freelancer,95,95429612,88114418,194731695,44739576,172,538,4600000.0
3578676640849040,Produk Digital,82,50493391,58015581,169897210,76472003,276,384,0.0
3578794621559282,Jasa & Freelancer,66,27146739,30365381,67470739,38247114,109,291,0.0
3578228855808866,Bisnis Kuliner,62,86947919,91965926,60654947,38798027,222,390,0.0
3578149022933417,Toko & E-commerce,47,78217695,83241654,61999030,560336,113,517,0.0
3578412201246039,Toko & E-commerce,104,12104802,8660269,141013461,62045201,13,496,0.0
3578852108201954,Toko & E-commerce,46,56156840,56554298,170354453,130847596,99,259,0.0
3578461610543448,Toko & E-commerce,89,67304823,76815946,14545095,7512858,256,370,0.0
3578787862146394,Jasa & Freelancer,117,75070563,84615787,129143364,80997585,221,360,0.0
3578920028613832,Bisnis Kuliner,109,72937264,51751952,199606082,108297897,294,632,13400000.0
3578119481479785,Produk Kreatif,76,95005353,69563252,99917581,5292678,86,741,30300000.0
3578469501075191,Jasa & Freelancer,83,74708931,81409130,158271716,76690761,105,296,0.0
3578227110381193,Toko & E-commerce,93,45211394,45070697,77879532,25785575,264,457,0.0
3578361464933400,Toko & E-commerce,60,43618137,28408402,86152950,12062291,201,799,40000000.0
3578142026014401,Produk Kreatif,119,15429114,12507486,11693376,7474642,266,537,4500000.0
3578306820189218,Toko & E-commerce,64,73280155,52560272,92869113,10646147,60,693,22200000.0
3578670964464815,Produk Kreatif,29,7905998,6495235,196576315,136000962,69,352,0.0
3578439320068159,Bisnis Kuliner,90,82763928,91893829,94466787,35283413,33,327,0.0
3578671673473661,Toko & E-commerce,5,80518768,83010476,176490218,125962563,174,213,0.0
3578311314776871,Toko & E-commerce,38,74440849,53850871,123411073,66259311,149,507,1700000.0
3578272440019476,Toko & E-commerce,17,5047721,5909915,155223397,63835394,115,243,0.0
3578484582232446,Produk Digital,43,39379997,23592154,194073505,124828519,135,518,2700000.0
3578178045031757,Toko & E-commerce,81,48464764,42571641,18616706,1937240,251,669,18200000.0
3578842613986245,Bisnis Kuliner,16,54485872,29294869,119478527,37460510,238,623,12600000.0
3578493489078147,Toko & E-commerce,45,29594858,29566124,185085364,119831642,50,220,0.0
3578940764513911,Jasa & Freelancer,75,20689263,11690289,192528850,72125297,243,672,18700000.0
3578852952398938,Jasa & Freelancer,63,34097470,39662647,43579995,30021257,142,316,0.0
3578503352669302,Jasa & Freelancer,26,96900684,110668827,93671735,59109016,176,257,0.0
3578634522780653,Bisnis Kuliner,11,66798298,38677613,133487190,49255885,97,505,1500000.0
3578943025876181,Toko & E-commerce,80,80132010,47211841,32630654,10590239,64,605,10900000.0
3578711284955856,Bisnis Kuliner,104,43549608,38015406,112593353,53192339,132,458,0.0
3578368954609487,Produk Digital,23,67743230,52072292,96459760,16069281,230,626,12800000.0
3578724640087867,Toko & E-commerce,72,96164975,63979329,182868622,97959824,259,620,12300000.0
3578749031074641,Produk Digital,62,46671508,41470500,124511822,17548597,217,632,13400000.0
3578757428958800,Bisnis Kuliner,90,83048179,86365154,106713151,27951012,41,389,0.0
3578336612037584,Produk Kreatif,116,80949346,91657261,175760603,113870285,85,293,0.0
3578266047221246,Jasa & Freelancer,71,42124904,32562039,160137283,57285560,115,556,6300000.0
3578427777291336,Produk Digital,104,94208855,67188351,121696148,69881941,186,588,9300000.0
3578198742540483,Produk Digital,4,85072899,101278874,113500917,76966038,160,190,0.0
3578503994977126,Produk Digital,9,3113187,3089365,101433996,8901711,154,410,0.0
3578133782836813,Produk Kreatif,58,97250625,88800976,172829686,43985474,205,570,7600000.0
3578518355724683,Jasa & Freelancer,72,31348941,30212269,132472325,14738221,294,584,8900000.0
3578499107611387,Jasa & Freelancer,22,41717904,49987195,184869494,18568167,15,326,0.0
3578808977750534,Bisnis Kuliner,21,99816512,111736807,181610853,63452670,79,277,0.0
3578250687482084,Jasa & Freelancer,113,64207129,72265620,191667470,92679580,227,368,0.0
3578300245327485,Jasa & Freelancer,68,59925051,53119664,125808240,38720225,125,494,0.0
3578564654434392,Produk Digital,3,80569592,68380208,68552084,39054396,147,303,0.0
3578733705958731,Toko & E-commerce,7,8082158,7255391,194215467,57266932,256,425,0.0
3578860044876280,Bisnis Kuliner,21,73653292,87537333,80006334,29758281,50,244,0.0
3578197109513842,Produk Kreatif,63,87646134,89327211,184507391,11525353,286,598,0.0
3578739082965641,Toko & E-commerce,81,10083242,11419369,148621897,92564944,250,370,0.0
3578664590780273,Jasa & Freelancer,76,47495054,37744855,84085902,19454682,28,536,4400000.0
3578922905582835,Toko & E-commerce,96,78659375,53670094,173926446,65836104,96,602,10600000.0
3578158294989798,Toko & E-commerce,106,86794410,45055730,135126822,8919469,268,836,56000000.0
3578408308913697,Toko & E-commerce,19,85650976,59671352,73976027,840546,67,662,17000000.0
3578291571954796,Produk Digital,97,23285078,22386482,104258526,67379424,143,349,0.0
3578872160076885,Produk Kreatif,65,27267798,28891879,13882671,3807717,53,382,0.0
3578263068507814,Produk Digital,108,23689702,25734833,115849851,71397595,131,308,0.0
3578583873881564,Produk Kreatif,29,80545284,81677169,97630559,4243086,145,489,0.0
3578156332766854,Produk Kreatif,62,56518621,47100491,132846744,79298936,282,518,2700000.0
3578517615395395,Jasa & Freelancer,63,38248951,23010756,121698108,1154968,239,855,64400000.0
3578844670037287,Toko & E-commerce,70,94654106,110661017,31136034,22859133,191,363,0.0
3578771869404404,Toko & E-commerce,45,39282557,26985603,31380974,6410353,210,730,28400000.0
3578948089003635,Produk Kreatif,96,93179529,84989701,57324964,23844999,102,421,0.0
3578702640905116,Bisnis Kuliner,89,4137651,4477694,8210867,2701367,278,475,0.0
3578852065555168,Jasa & Freelancer,47,32449560,32698625,72617847,11216816,22,366,0.0
3578201444538631,Bisnis Kuliner,79,91128100,102589908,63203440,48059338,72,294,0.0
3578195004578288,Produk Digital,19,53460287,51293875,178920899,81025231,104,242,0.0
3578224107382011,Produk Kreatif,35,42536330,35171969,25324369,12941371,151,425,0.0
3578571455807556,Toko & E-commerce,35,24738712,25889357,79433791,49382777,205,307,0.0
3578466741203353,Bisnis Kuliner,36,38522715,24059386,23629012,9295120,112,567,7300000.0
3578532117956253,Produk Kreatif,85,69042812,39761847,150124838,92321650,121,570,7600000.0
3578807011601691,Bisnis Kuliner,119,62268093,62316676,32725924,912684,46,510,0.0
3578901317823233,Toko & E-commerce,102,62845276,32248133,138600697,16505045,10,667,17900000.0
3578142661453716,Jasa & Freelancer,37,23348410,23115828,110046945,50589923,273,330,0.0
3578640182291525,Jasa & Freelancer,58,57212251,62409092,23817241,10291501,11,247,0.0
3578631630321263,Bisnis Kuliner,75,74847296,86413414,101346404,27034333,165,480,0.0
3578161850169614,Bisnis Kuliner,49,74756326,82033066,96284911,6197419,245,580,0.0
3578945079711127,Toko & E-commerce,85,30262368,18872606,15557882,12041962,107,550,5700000.0
3578865787817029,Jasa & Freelancer,117,17330160,16315166,101438422,39480121,234,464,0.0
3578309316623535,Produk Kreatif,7,28916466,14971651,164167576,31321221,209,652,15300000.0
3578967853945062,Produk Digital,85,44302939,37647703,125610002,97129104,18,348,0.0
3578469526284569,Bisnis Kuliner,46,99772591,52876497,36725611,6219208,277,770,35100000.0
3578692165417868,Produk Kreatif,97,80758465,53550127,24336339,717974,82,776,36100000.0
3578819359325217,Bisnis Kuliner,63,85996496,45755398,193252928,100303900,17,502,1200000.0
3578792229538505,Bisnis Kuliner,118,44250118,47547524,31116686,11355962,97,380,0.0
3578752127871877,Bisnis Kuliner,107,17271532,10016207,164713031,105307659,122,581,8600000.0
3578980739351543,Produk Kreatif,57,48277425,51563414,187106032,60174589,71,364,0.0
3578855810534663,Produk Digital,72,21432040,15540649,62238984,38051814,98,512,2100000.0
3578170160454293,Bisnis Kuliner,38,21956482,22621435,50110806,27913554,293,335,0.0
3578581745033065,Produk Kreatif,77,8462513,5021313,174703449,85596515,90,552,5900000.0
3578187990855311,Bisnis Kuliner,3,27080385,31096294,194714408,101524995,155,213,0.0
3578861996872304,Jasa & Freelancer,91,20031212,12906353,176751905,38312707,240,751,31900000.0
3578363762666132,Produk Kreatif,81,95834855,50441224,53318507,30591973,55,521,3000000.0
3578434073650314,Toko & E-commerce,56,3613380,3217344,56513533,5312626,281,654,15700000.0
3578207274502564,Produk Digital,49,75440371,64522530,129612035,79875364,116,390,0.0
3578157021818007,Produk Kreatif,17,23027622,22559485,132349226,52676563,91,258,0.0
3578156019754956,Toko & E-commerce,39,31130660,25037461,94736530,46748260,242,483,0.0
3578211855196868,Bisnis Kuliner,71,26607235,16247227,12802136,4967858,69,597,10100000.0
3578891284587528,Jasa & Freelancer,78,80814308,58847413,58351921,34875158,176,568,7400000.0
3578955686605965,Bisnis Kuliner,44,33572391,19090769,115755248,80555124,202,600,10400000.0
3578344346552746,Bisnis Kuliner,63,81529753,68410426,122001637,14146458,242,716,26100000.0
3578525966527469,Toko & E-commerce,20,64436848,64686531,174656877,50104194,148,337,0.0
3578465940709333,Produk Kreatif,7,95906924,86130756,80324105,8771489,248,527,3500000.0
3578561531082159,Produk Kreatif,100,49113991,32115516,84231815,40676284,97,561,6700000.0
3578195475844372,Jasa & Freelancer,112,73030620,61524600,63100869,29863414,246,504,1400000.0
3578114083931681,Jasa & Freelancer,97,36105363,24316312,121567752,56355603,86,542,4900000.0
3578730989771846,Bisnis Kuliner,56,8935671,4718401,131339853,77067736,268,630,13200000.0
3578564000867145,Produk Digital,53,67326441,71823953,192006501,126154618,241,342,0.0
3578364120238126,Bisnis Kuliner,74,4667385,4598363,114150709,86748502,77,310,0.0
3578423661887880,Produk Kreatif,85,15177508,7758000,184592879,45016533,245,758,33100000.0
3578730749972638,Produk Digital,6,64047698,52815810,42211573,29521053,217,371,0.0
3578968377729665,Toko & E-commerce,83,65316725,64841967,5366050,3693485,46,260,0.0
3578468038971561,Produk Digital,7,42807633,34166124,77421034,43235311,287,395,0.0
3578974348952399,Produk Kreatif,103,94894205,52824883,95112352,55983951,38,508,1800000.0
3578842642812822,Toko & E-commerce,116,9920612,5730905,103137549,38396284,30,556,6300000.0
3578501002074637,Produk Kreatif,85,77999585,77485690,155527385,88257080,114,320,0.0
3578363431517086,Produk Digital,17,90112459,75238985,160724610,112009801,117,327,0.0
3578919278641779,Produk Kreatif,44,50340158,56811543,140174960,76280605,151,303,0.0
3578168953380650,Toko & E-commerce,47,63721529,53548950,146380282,97144961,250,470,0.0
3578687164228644,Produk Digital,118,42227057,34473530,103823398,66438990,43,395,0.0
3578606307834443,Bisnis Kuliner,13,55436517,62563552,82409452,63175515,49,159,0.0
3578280858345204,Toko & E-commerce,17,96560777,58280979,45399017,31779063,276,512,2100000.0
3578791284026184,Bisnis Kuliner,40,58906603,69433344,150340338,112060257,252,340,0.0
3578561050566882,Jasa & Freelancer,97,89528081,46110329,55750584,2807577,128,780,36800000.0
3578810901356829,Toko & E-commerce,55,80672417,59693937,178423055,112310085,258,574,8000000.0
3578832692890326,Produk Digital,110,76614224,62186188,86626481,39311212,166,514,2300000.0
3578968320999108,Toko & E-commerce,32,67994010,51697996,82348680,50710300,34,375,0.0
3578487184164934,Toko & E-commerce,61,25328873,23632881,48161705,27425670,156,392,0.0
3578863250525632,Produk Kreatif,23,34931112,20324393,89993601,41362871,235,557,6400000.0
3578504845366215,Produk Kreatif,29,78495759,78102814,183658098,46567431,186,419,0.0
3578508657308679,Jasa & Freelancer,72,24823481,21684554,37612229,27695659,217,465,0.0
3578649459757142,Produk Kreatif,61,45978923,28012074,151604838,118324670,179,614,11700000.0
3578875874004889,Toko & E-commerce,63,41899945,49388466,159008825,84832828,299,370,0.0
3578589292518877,Toko & E-commerce,91,18074747,18294326,15759139,1757753,292,564,0.0
3578435509428125,Bisnis Kuliner,54,85882398,93492767,124714883,35657836,177,464,0.0
3578765956298559,Produk Kreatif,77,73656754,48282054,79605506,12464036,52,690,21700000.0
3578844942570107,Bisnis Kuliner,68,55938641,35583410,90297463,43571912,271,648,14900000.0
3578164181423607,Toko & E-commerce,53,22856967,22883816,119793867,35423522,200,454,0.0
3578409290004374,Toko & E-commerce,47,44350514,52522830,155601153,10904358,237,552,0.0
3578982253326056,Jasa & Freelancer,39,24983567,26581790,118771588,69230107,222,307,0.0
3578759651915458,Bisnis Kuliner,21,30888268,22000533,146009425,115246798,43,414,0.0
3578931465634639,Jasa & Freelancer,14,3888369,3058678,78371156,25988754,294,507,1700000.0
3578879373870716,Produk Digital,99,21378036,13670833,107480479,24889312,261,744,30800000.0
3578434261191232,Produk Digital,41,69317044,61795919,129406905,23243574,11,421,0.0
3578388424336743,Toko & E-commerce,84,88437748,73472208,180506583,96161411,157,478,0.0
3578295065203028,Jasa & Freelancer,119,95320749,90683403,12634999,1206437,151,566,7200000.0
3578177183248094,Produk Digital,98,51554539,46746874,156820272,54707506,142,469,0.0
3578854316499266,Jasa & Freelancer,91,19050250,14501842,159421170,2237646,142,758,33100000.0
3578736354583351,Bisnis Kuliner,21,45906872,37768996,191101750,20715031,93,555,6200000.0
3578396579897075,Toko & E-commerce,56,88395644,100636075,100558815,3918970,159,559,0.0
3578802354336894,Bisnis Kuliner,68,29013386,30072656,54190125,33150890,95,311,0.0
3578454522544972,Toko & E-commerce,108,94934734,100622658,77869212,42699970,195,366,0.0
3578684527153614,Produk Digital,48,22289438,11345956,144095401,32440804,258,717,26200000.0
3578475431657665,Produk Kreatif,16,32242850,19609729,64354703,42812535,296,520,2900000.0
3578858548898820,Produk Digital,111,74416669,74326103,193512794,117084025,68,262,0.0
3578604303662163,Bisnis Kuliner,17,20613681,23631252,133719695,37250019,195,389,0.0
3578998245225347,Jasa & Freelancer,116,83215042,72079603,96817041,13338070,165,626,12800000.0
3578916167307499,Bisnis Kuliner,31,20275764,22298690,43214293,23786777,167,292,0.0
3578328171615853,Produk Kreatif,13,60016371,59030464,34990198,2175979,257,495,0.0
3578575699127457,Bisnis Kuliner,28,17471004,9136547,182110718,74808052,40,484,0.0
3578230863712223,Toko & E-commerce,8,11891570,8456715,7757474,4682723,73,385,0.0
3578765376754705,Produk Kreatif,78,29846824,18784017,99364100,2325845,84,781,37000000.0
3578923971701115,Toko & E-commerce,77,49685830,37092573,139388027,87067575,133,530,3800000.0
3578724938826551,Bisnis Kuliner,15,80595788,83357872,146959069,25511868,108,371,0.0
3578413379126807,Produk Kreatif,118,75091897,37773496,199709484,15766779,119,779,36600000.0
3578658004200547,Jasa & Freelancer,49,96701812,88246824,123021897,66286727,64,303,0.0
3578565486902215,Produk Kreatif,68,33541809,26340536,89363969,8837410,66,658,16300000.0
3578248261101053,Jasa & Freelancer,100,51486215,51141857,154554015,89287285,52,254,0.0
3578642575124255,Bisnis Kuliner,52,41065683,33668194,88753717,48782349,237,520,2900000.0
3578706560507722,Jasa & Freelancer,40,60440042,38207142,23685565,16954215,253,560,6600000.0
3578847062668674,Toko & E-commerce,25,4716086,5655089,136975855,73648682,212,282,0.0
3578673112096658,Bisnis Kuliner,18,22242468,17268341,191572605,90507670,62,381,0.0
3578169444137436,Toko & E-commerce,28,48450370,31017173,113525511,11149310,227,740,30100000.0
3578648575559029,Toko & E-commerce,100,98763517,102336832,164356701,35891926,214,510,0.0
3578621220469114,Produk Digital,54,68032899,58371558,44560432,27377914,65,362,0.0
3578375402709250,Jasa & Freelancer,66,33980376,31936787,41133662,978110,37,525,3300000.0
3578176580608931,Jasa & Freelancer,89,6590174,7779376,107712258,52096880,177,350,0.0
3578431368480731,Produk Digital,82,15929680,16441341,182457473,109709452,262,360,0.0
3578614505863718,Produk Kreatif,40,91864649,77949849,140504810,29412184,185,590,9500000.0
3578699322008466,Bisnis Kuliner,100,7241081,8642216,36979818,11349250,171,464,0.0
3578515979927589,Jasa & Freelancer,61,7829304,4094741,154429039,81465769,165,583,8800000.0
3578876893871812,Produk Kreatif,65,60805041,36126815,197125480,61358143,66,623,12600000.0
3578841177589490,Jasa & Freelancer,87,77327616,75762653,158601514,59611125,297,438,0.0
3578275468103485,Produk Digital,10,55530781,38003805,163657464,127112197,190,477,0.0
3578453408968194,Bisnis Kuliner,6,82250658,43723045,103357460,28847215,23,482,0.0
3578476347166438,Jasa & Freelancer,15,60465077,44840908,100929726,33260754,38,426,0.0
3578369127976547,Produk Kreatif,33,89984204,64650921,27801373,20248052,43,429,0.0
3578438739517808,Bisnis Kuliner,46,25787384,13249516,92541323,2767180,226,840,57800000.0
3578665080469383,Jasa & Freelancer,37,5738346,5664728,162837159,2896736,172,533,4100000.0
3578728687595832,Jasa & Freelancer,44,79844836,45384441,136092769,10893593,115,716,26100000.0
3578646903815845,Produk Digital,106,92575241,68290681,170041600,40744810,233,708,24700000.0
3578646327393283,Bisnis Kuliner,110,74918425,48686193,76177030,2896638,215,870,71100000.0
3578348268879535,Produk Digital,98,15342371,15379113,160207568,12141634,182,558,0.0
3578174188537482,Produk Digital,105,74278157,61850519,61301427,17032797,49,497,0.0
3578655347204229,Toko & E-commerce,58,92047650,80814459,58707756,19458768,138,504,1400000.0
3578665324915175,Jasa & Freelancer,88,76492593,47916536,9993790,5019632,274,610,11300000.0
3578305568773313,Produk Digital,66,31582041,30399747,130438631,27959359,282,534,4200000.0
3578777784208288,Jasa & Freelancer,75,87122098,47212960,58861044,17153270,85,628,13000000.0
3578264241155497,Toko & E-commerce,111,61436893,48362028,22294632,11306544,221,547,5400000.0
3578809902451003,Produk Kreatif,35,95188104,87655164,113948809,21739922,86,452,0.0
3578130889044067,Produk Kreatif,105,44680049,36857099,155276881,123139921,226,525,3300000.0
3578319202261920,Produk Kreatif,37,21311409,11090442,79563850,41925102,100,497,0.0
3578635678946910,Bisnis Kuliner,10,14264832,10266875,84988175,58959478,218,498,0.0
3578503283570300,Bisnis Kuliner,53,21865664,14545670,158269499,92996677,71,525,3300000.0
3578832386230971,Produk Digital,102,73499222,49704998,29225974,5566422,72,668,18000000.0
3578988084092528,Toko & E-commerce,45,81426937,82735097,68334145,51141279,121,273,0.0
3578216583785895,Produk Kreatif,30,39849119,32183455,73264725,50576101,38,343,0.0
3578686221626322,Toko & E-commerce,92,18161415,13104241,118757931,45114155,136,614,11700000.0
3578409080085910,Produk Kreatif,49,66783187,66847957,87724130,1478973,27,464,0.0
3578915362917800,Bisnis Kuliner,91,93140437,62196677,153371767,47200494,195,732,28800000.0
3578992937260466,Bisnis Kuliner,71,34726640,38211562,109279395,687683,211,636,0.0
3578383115339387,Toko & E-commerce,14,34602967,24505684,48010669,35178024,172,477,0.0
3578992835513330,Jasa & Freelancer,104,7547522,5221569,26500219,17451937,261,610,11300000.0
3578909477173301,Jasa & Freelancer,110,47657219,47760645,31949729,21071507,143,317,0.0
3578170894166931,Toko & E-commerce,56,83814633,84691511,152029542,89732156,242,360,0.0
3578133050675721,Bisnis Kuliner,85,89113089,56018068,124025615,78485326,79,549,5600000.0
3578538099874672,Produk Kreatif,83,44009896,31669753,27073998,2400450,137,772,35500000.0
3578883901822476,Produk Kreatif,111,82727494,81075208,90738051,32773851,78,374,0.0
3578290098172590,Produk Digital,108,46967101,49769631,58328386,3938284,198,574,0.0
3578530277938012,Jasa & Freelancer,109,79556525,52279854,11165986,8245968,127,555,6200000.0
3578198384149191,Jasa & Freelancer,28,38135941,37788248,50300083,2003270,229,517,2600000.0
3578386046508685,Produk Kreatif,14,52381407,32428597,157268106,14764395,279,718,26400000.0
3578947977549843,Jasa & Freelancer,108,93410409,79016269,65259451,37253421,107,418,0.0
3578962487038972,Toko & E-commerce,39,69326127,53204437,120778517,82741761,120,451,0.0
3578900079252114,Produk Kreatif,56,27208834,21385242,44176236,1016870,144,744,30800000.0
3578779616235830,Jasa & Freelancer,119,36328672,27564250,188681546,97697126,53,450,0.0
3578615440400609,Produk Kreatif,114,46385340,54831156,111717780,61386905,206,380,0.0
3578566899251137,Produk Digital,35,12805359,7256741,20771205,865953,130,724,27400000.0
3578760575627385,Bisnis Kuliner,3,37045250,31606244,107257178,25956868,212,498,0.0
3578506609974257,Produk Kreatif,117,78102924,41299849,53149864,11067573,267,775,36000000.0
3578243744329962,Bisnis Kuliner,43,98328889,85673633,43063002,8971092,170,578,8300000.0
3578646010050464,Toko & E-commerce,98,51397866,59023558,80947237,58462858,144,328,0.0
3578668068514787,Toko & E-commerce,58,25143753,18125630,136875569,83622805,87,512,2100000.0
3578825518128326,Jasa & Freelancer,9,28356407,17128250,66702720,9772819,250,659,16500000.0
3578277211312573,Jasa & Freelancer,58,18572483,22224599,137851600,4498562,192,582,0.0
3578881636024052,Produk Digital,65,64439467,54457277,198210167,137459433,73,393,0.0
3578200285786864,Produk Kreatif,114,41133464,25768407,50176345,30103264,149,591,9600000.0
3578742798281741,Produk Kreatif,77,3553745,3085400,158219686,22855637,49,554,6100000.0
3578942870828155,Jasa & Freelancer,89,15657432,17554446,11969166,2722088,72,400,0.0
3578509714839548,Produk Digital,16,46424580,28209563,26760246,9852763,255,565,7100000.0
3578789144920939,Toko & E-commerce,79,91316111,46029142,16770088,8803260,241,620,12300000.0
3578980285341987,Produk Digital,19,31369179,34640834,177776878,40242144,38,272,0.0
3578180504007993,Produk Digital,80,54189424,30605412,73495039,10466329,214,788,38200000.0
3578121857897348,Produk Kreatif,23,55143976,57661011,81486894,42188568,88,203,0.0
3578426935496094,Jasa & Freelancer,105,61030164,61953093,88242185,63797989,77,267,0.0
3578831686523661,Bisnis Kuliner,109,52319220,44934742,136432182,48618144,208,579,8400000.0
3578394104069004,Produk Digital,79,59783572,33667456,118423736,76832786,105,538,4600000.0
3578793354205387,Jasa & Freelancer,14,8427508,7242086,129426511,70039419,89,278,0.0
3578645163066271,Produk Digital,83,89869121,77941192,83034998,31102862,50,420,0.0
3578984364723104,Jasa & Freelancer,41,22945631,27280757,188694122,136298084,137,265,0.0
3578570398098540,Toko & E-commerce,75,9405980,8330839,17105071,7025593,271,509,1800000.0
3578552796555760,Bisnis Kuliner,62,91698490,92085182,73016265,20763351,51,386,0.0
3578653057126635,Bisnis Kuliner,17,91795539,75640925,53911122,36353771,33,303,0.0
3578555624263623,Toko & E-commerce,43,81813775,82375531,184921513,66564038,145,356,0.0
3578305342412243,Produk Kreatif,26,13498581,13807976,167149208,34675795,64,339,0.0
3578685978704425,Bisnis Kuliner,3,56007123,32577931,51099857,26809069,245,497,0.0
3578545352916630,Produk Digital,95,68326787,48645938,170556179,49219618,212,705,24200000.0
3578434168387445,Bisnis Kuliner,19,21134687,10772628,35041283,22874059,106,467,0.0
3578129459232356,Produk Kreatif,64,90056735,54178846,69902382,24370122,285,705,24200000.0
3578195309251852,Toko & E-commerce,101,65199925,39362235,118247343,2063826,95,782,37100000.0
3578271379568917,Jasa & Freelancer,65,66282209,34051785,125666106,58834485,113,560,6600000.0
3578724036549182,Jasa & Freelancer,9,47808596,24167819,174224363,118142172,231,482,0.0
3578559473397743,Jasa & Freelancer,97,80666600,73978345,153794987,122916198,28,300,0.0
3578540180445784,Jasa & Freelancer,68,82327948,82923173,187178531,135528209,259,360,0.0
3578882680075621,Bisnis Kuliner,70,5552775,4416695,89785379,39739417,147,549,5600000.0
3578812504482186,Jasa & Freelancer,116,66530347,38711249,172153869,129317094,187,600,10400000.0
3578866429721577,Jasa & Freelancer,5,24653807,17297297,56593643,21244821,234,533,4100000.0
3578655047656461,Produk Kreatif,78,94935665,70006233,166625022,113765405,249,598,10200000.0
3578895829067579,Jasa & Freelancer,56,93342931,89305862,101705367,64763754,92,305,0.0
3578330304059391,Toko & E-commerce,91,14568480,14086839,39654093,5497361,90,495,0.0
3578639472584187,Bisnis Kuliner,104,58832475,68253807,137533316,33409801,117,456,0.0
